"Feb 11, 2023 @ 19:30:10.819",pypi/abbasov.sex,tkcalendra,0.1,pypi
"Feb 11, 2023 @ 19:30:10.638",pypi/abbasov.sex,tkkcalendar,0.1,pypi
"Feb 11, 2023 @ 19:30:10.203",pypi/abbasov.sex,tkcalenddar,0.1,pypi
"Feb 11, 2023 @ 19:30:09.959",pypi/abbasov.sex,kcalendar,0.1,pypi
"Feb 11, 2023 @ 19:30:09.859",pypi/abbasov.sex,tkcalenar,0.1,pypi
"Feb 11, 2023 @ 19:30:09.605",pypi/abbasov.sex,tkcaledar,0.1,pypi
"Feb 11, 2023 @ 19:30:09.459",pypi/abbasov.sex,tkcaendar,0.1,pypi
"Feb 11, 2023 @ 19:30:09.139",pypi/abbasov.sex,ktcalendar,0.1,pypi
"Feb 11, 2023 @ 19:30:09.004",pypi/abbasov.sex,tkccalendar,0.1,pypi
"Feb 11, 2023 @ 19:30:08.739",pypi/abbasov.sex,tkcaalendar,0.1,pypi
"Feb 11, 2023 @ 19:30:08.343",pypi/abbasov.sex,tkcalenndar,0.1,pypi
"Feb 11, 2023 @ 19:30:07.183",pypi/abbasov.sex,tkcalednar,0.1,pypi
"Feb 11, 2023 @ 19:30:06.937",pypi/abbasov.sex,ttkcalendar,0.1,pypi
"Feb 11, 2023 @ 19:30:06.160",pypi/abbasov.sex,tcalendar,0.1,pypi
"Feb 11, 2023 @ 19:30:05.724",pypi/abbasov.sex,tkcalendaar,0.1,pypi
"Feb 11, 2023 @ 19:30:04.517",pypi/abbasov.sex,tkcaleendar,0.1,pypi
"Feb 11, 2023 @ 19:30:04.280",pypi/abbasov.sex,tkcalendr,0.1,pypi
"Feb 11, 2023 @ 19:30:03.522",pypi/abbasov.sex,tkcallendar,0.1,pypi
"Feb 11, 2023 @ 19:30:02.539",pypi/abbasov.sex,tckalendar,0.1,pypi
"Feb 11, 2023 @ 19:30:01.678",pypi/abbasov.sex,tkclaendar,0.1,pypi
"Feb 11, 2023 @ 19:30:01.559",pypi/abbasov.sex,tkalendar,0.1,pypi
"Feb 11, 2023 @ 19:27:07.595",pypi/abbasov.sex,tkcalnedar,0.1,pypi
"Feb 11, 2023 @ 19:27:06.875",pypi/abbasov.sex,tkcalendarr,0.1,pypi
"Feb 11, 2023 @ 19:27:06.731",pypi/abbasov.sex,tkclendar,0.1,pypi
"Feb 11, 2023 @ 19:27:06.461",pypi/abbasov.sex,tkcalndar,0.1,pypi
"Feb 11, 2023 @ 19:27:06.398",pypi/abbasov.sex,tkcaelndar,0.1,pypi
"Feb 11, 2023 @ 19:27:06.216",pypi/abbasov.sex,tkcalenda,0.1,pypi
"Feb 11, 2023 @ 19:27:05.813",pypi/abbasov.sex,tkaclendar,0.1,pypi
"Feb 11, 2023 @ 19:27:01.794",pypi/abbasov.sex,tkcalenadr,0.1,pypi
"Feb 11, 2023 @ 12:48:12.666",pypi/oqfaq,beautifulsou,0.1,pypi
"Feb 11, 2023 @ 12:48:10.616",pypi/oqfaq,ebautifulsoup,0.1,pypi
"Feb 11, 2023 @ 12:48:10.156",pypi/oqfaq,beautifullsoup,0.1,pypi
"Feb 11, 2023 @ 12:48:10.082",pypi/oqfaq,beautifulsup,0.1,pypi
"Feb 11, 2023 @ 12:48:09.846",pypi/oqfaq,beautifuulsoup,0.1,pypi
"Feb 11, 2023 @ 12:48:09.480",pypi/oqfaq,beautifuloup,0.1,pypi
"Feb 11, 2023 @ 12:48:09.086",pypi/oqfaq,beatifulsoup,0.1,pypi
"Feb 11, 2023 @ 12:48:08.378",pypi/oqfaq,beauutifulsoup,0.1,pypi
"Feb 11, 2023 @ 12:48:08.262",pypi/oqfaq,beautiflsoup,0.1,pypi
"Feb 11, 2023 @ 12:48:07.399",pypi/oqfaq,beautfiulsoup,0.1,pypi
"Feb 11, 2023 @ 12:48:07.117",pypi/oqfaq,eautifulsoup,0.1,pypi
"Feb 11, 2023 @ 12:48:07.107",pypi/oqfaq,beuatifulsoup,0.1,pypi
"Feb 11, 2023 @ 12:48:06.878",pypi/oqfaq,beatuifulsoup,0.1,pypi
"Feb 11, 2023 @ 12:48:05.240",pypi/oqfaq,bautifulsoup,0.1,pypi
"Feb 11, 2023 @ 12:45:10.279",pypi/oqfaq,beutifulsoup,0.1,pypi
"Feb 11, 2023 @ 12:45:10.245",pypi/oqfaq,beauifulsoup,0.1,pypi
"Feb 11, 2023 @ 12:45:09.973",pypi/oqfaq,beautifulosup,0.1,pypi
"Feb 11, 2023 @ 12:45:09.679",pypi/oqfaq,beautifusloup,0.1,pypi
"Feb 11, 2023 @ 12:45:09.525",pypi/oqfaq,beautifusoup,0.1,pypi
"Feb 11, 2023 @ 12:45:09.176",pypi/oqfaq,beautifulsopu,0.1,pypi
"Feb 11, 2023 @ 12:45:08.780",pypi/oqfaq,beauitfulsoup,0.1,pypi
"Feb 11, 2023 @ 12:45:08.744",pypi/oqfaq,beautiffulsoup,0.1,pypi
"Feb 11, 2023 @ 12:45:06.599",pypi/oqfaq,beautifulsoupp,0.1,pypi
"Feb 11, 2023 @ 12:45:06.304",pypi/oqfaq,beautiuflsoup,0.1,pypi
"Feb 11, 2023 @ 12:45:06.118",pypi/oqfaq,beautifulsouup,0.1,pypi
"Feb 11, 2023 @ 12:45:05.627",pypi/oqfaq,beaautifulsoup,0.1,pypi
"Feb 11, 2023 @ 12:45:05.599",pypi/oqfaq,beautiifulsoup,0.1,pypi
"Feb 11, 2023 @ 12:45:05.334",pypi/oqfaq,beautiflusoup,0.1,pypi
"Feb 11, 2023 @ 12:45:05.201",pypi/oqfaq,beeautifulsoup,0.1,pypi
"Feb 11, 2023 @ 12:45:05.004",pypi/oqfaq,beautifulsooup,0.1,pypi
"Feb 11, 2023 @ 12:45:04.836",pypi/oqfaq,beautifulsuop,0.1,pypi
"Feb 11, 2023 @ 12:45:03.867",pypi/oqfaq,beautifulsop,0.1,pypi
"Feb 11, 2023 @ 12:45:03.699",pypi/oqfaq,bbeautifulsoup,0.1,pypi
"Feb 11, 2023 @ 12:45:03.614",pypi/oqfaq,baeutifulsoup,0.1,pypi
"Feb 11, 2023 @ 12:45:03.299",pypi/oqfaq,beautifulssoup,0.1,pypi
"Feb 11, 2023 @ 12:45:01.839",pypi/oqfaq,beauttifulsoup,0.1,pypi
"Feb 11, 2023 @ 12:45:01.676",pypi/oqfaq,beautiulsoup,0.1,pypi
"Feb 11, 2023 @ 12:36:09.977",pypi/azizseidametov,gitypthon,0.1,pypi
"Feb 11, 2023 @ 12:36:09.751",pypi/azizseidametov,giptython,0.1,pypi
"Feb 11, 2023 @ 12:36:09.495",pypi/azizseidametov,gitpythhon,0.1,pypi
"Feb 11, 2023 @ 12:36:08.193",pypi/azizseidametov,gitpythno,0.1,pypi
"Feb 11, 2023 @ 12:36:08.177",pypi/azizseidametov,gitpythonn,0.1,pypi
"Feb 11, 2023 @ 12:36:07.390",pypi/azizseidametov,ggitpython,0.1,pypi
"Feb 11, 2023 @ 12:36:05.893",pypi/azizseidametov,gitpythn,0.1,pypi
"Feb 11, 2023 @ 12:36:05.499",pypi/azizseidametov,gitpyhon,0.1,pypi
"Feb 11, 2023 @ 12:33:11.435",pypi/dimon7058,pycodesyle,0.1,pypi
"Feb 11, 2023 @ 12:33:10.937",pypi/dimon7058,ppycodestyle,0.1,pypi
"Feb 11, 2023 @ 12:33:10.435",pypi/dimon7058,pycodesstyle,0.1,pypi
"Feb 11, 2023 @ 12:33:10.268",pypi/dimon7058,pycodestylle,0.1,pypi
"Feb 11, 2023 @ 12:33:10.265",pypi/dimon7058,pycodeestyle,0.1,pypi
"Feb 11, 2023 @ 12:33:09.469",pypi/dimon7058,pycodestylee,0.1,pypi
"Feb 11, 2023 @ 12:33:09.425",pypi/dimon7058,pyccodestyle,0.1,pypi
"Feb 11, 2023 @ 12:33:09.257",pypi/azizseidametov,giitpython,0.1,pypi
"Feb 11, 2023 @ 12:33:08.725",pypi/azizseidametov,gtpython,0.1,pypi
"Feb 11, 2023 @ 12:33:08.597",pypi/azizseidametov,gitpyhton,0.1,pypi
"Feb 11, 2023 @ 12:33:08.437",pypi/dimon7058,pycodstyle,0.1,pypi
"Feb 11, 2023 @ 12:33:07.704",pypi/azizseidametov,gtipython,0.1,pypi
"Feb 11, 2023 @ 12:33:07.548",pypi/azizseidametov,itpython,0.1,pypi
"Feb 11, 2023 @ 12:33:07.064",pypi/azizseidametov,gipython,0.1,pypi
"Feb 11, 2023 @ 12:33:06.889",pypi/dimon7058,pycodsetyle,0.1,pypi
"Feb 11, 2023 @ 12:33:06.445",pypi/azizseidametov,gitpythoon,0.1,pypi
"Feb 11, 2023 @ 12:33:06.098",pypi/azizseidametov,gitpytthon,0.1,pypi
"Feb 11, 2023 @ 12:33:05.538",pypi/azizseidametov,igtpython,0.1,pypi
"Feb 11, 2023 @ 12:33:05.537",pypi/azizseidametov,gitpyython,0.1,pypi
"Feb 11, 2023 @ 12:33:05.185",pypi/azizseidametov,gitppython,0.1,pypi
"Feb 11, 2023 @ 12:33:04.957",pypi/dimon7058,pycoedstyle,0.1,pypi
"Feb 11, 2023 @ 12:33:04.766",pypi/dimon7058,pycodestye,0.1,pypi
"Feb 11, 2023 @ 12:33:04.203",pypi/azizseidametov,gitptyhon,0.1,pypi
"Feb 11, 2023 @ 12:33:03.958",pypi/azizseidametov,gitpyton,0.1,pypi
"Feb 11, 2023 @ 12:33:03.828",pypi/dimon7058,pycoodestyle,0.1,pypi
"Feb 11, 2023 @ 12:33:03.557",pypi/azizseidametov,gitython,0.1,pypi
"Feb 11, 2023 @ 12:33:03.503",pypi/dimon7058,pycodetsyle,0.1,pypi
"Feb 11, 2023 @ 12:33:03.227",pypi/azizseidametov,gittpython,0.1,pypi
"Feb 11, 2023 @ 12:33:01.727",pypi/azizseidametov,gitpthon,0.1,pypi
"Feb 11, 2023 @ 12:33:01.624",pypi/azizseidametov,gitpytohn,0.1,pypi
"Feb 11, 2023 @ 12:30:10.777",pypi/dimon7058,pycodestle,0.1,pypi
"Feb 11, 2023 @ 12:30:10.702",pypi/dimon7058,pcyodestyle,0.1,pypi
"Feb 11, 2023 @ 12:30:10.545",pypi/dimon7058,pyycodestyle,0.1,pypi
"Feb 11, 2023 @ 12:30:09.232",pypi/dimon7058,ycodestyle,0.1,pypi
"Feb 11, 2023 @ 12:30:08.945",pypi/dimon7058,pcodestyle,0.1,pypi
"Feb 11, 2023 @ 12:30:08.707",pypi/dimon7058,pyocdestyle,0.1,pypi
"Feb 11, 2023 @ 12:30:08.631",pypi/dimon7058,pycdoestyle,0.1,pypi
"Feb 11, 2023 @ 12:30:08.327",pypi/dimon7058,ypcodestyle,0.1,pypi
"Feb 11, 2023 @ 12:30:08.124",pypi/dimon7058,pycodetyle,0.1,pypi
"Feb 11, 2023 @ 12:30:07.911",pypi/dimon7058,pyodestyle,0.1,pypi
"Feb 11, 2023 @ 12:30:07.211",pypi/dimon7058,pycodesttyle,0.1,pypi
"Feb 11, 2023 @ 12:30:07.046",pypi/dimon7058,pycoddestyle,0.1,pypi
"Feb 11, 2023 @ 12:30:06.089",pypi/dimon7058,pycoestyle,0.1,pypi
"Feb 11, 2023 @ 12:30:05.864",pypi/dimon7058,pycodestyl,0.1,pypi
"Feb 11, 2023 @ 12:30:05.292",pypi/dimon7058,pycodestyyle,0.1,pypi
"Feb 11, 2023 @ 12:30:04.512",pypi/dimon7058,pycdestyle,0.1,pypi
"Feb 11, 2023 @ 12:30:04.224",pypi/dimon7058,pycodestyel,0.1,pypi
"Feb 11, 2023 @ 12:30:03.065",pypi/dimon7058,pycodesytle,0.1,pypi
"Feb 11, 2023 @ 12:30:01.663",pypi/dimon7058,pycodestlye,0.1,pypi
"Feb 11, 2023 @ 12:27:12.606",pypi/tngaz25,prompt-toolit,0.1,pypi
"Feb 11, 2023 @ 12:27:12.514",pypi/tngaz25,prompt-oolkit,0.1,pypi
"Feb 11, 2023 @ 12:27:12.349",pypi/tngaz25,prompt-toollkit,0.1,pypi
"Feb 11, 2023 @ 12:27:11.975",pypi/tngaz25,prompt-toolkti,0.1,pypi
"Feb 11, 2023 @ 12:27:11.769",pypi/tngaz25,propmt-toolkit,0.1,pypi
"Feb 11, 2023 @ 12:27:11.607",pypi/tngaz25,prompt-toolkkit,0.1,pypi
"Feb 11, 2023 @ 12:27:11.191",pypi/tngaz25,prompt-toolikt,0.1,pypi
"Feb 11, 2023 @ 12:27:10.986",pypi/tngaz25,prmopt-toolkit,0.1,pypi
"Feb 11, 2023 @ 12:27:10.954",pypi/tngaz25,prompt-tooolkit,0.1,pypi
"Feb 11, 2023 @ 12:27:10.926",pypi/tngaz25,prompt-tooklit,0.1,pypi
"Feb 11, 2023 @ 12:27:10.590",pypi/tngaz25,rpompt-toolkit,0.1,pypi
"Feb 11, 2023 @ 12:27:10.412",pypi/tngaz25,prompt-tolkit,0.1,pypi
"Feb 11, 2023 @ 12:27:10.205",pypi/tngaz25,proompt-toolkit,0.1,pypi
"Feb 11, 2023 @ 12:27:09.929",pypi/tngaz25,prompt-ttoolkit,0.1,pypi
"Feb 11, 2023 @ 12:27:08.990",pypi/tngaz25,prompt-tookit,0.1,pypi
"Feb 11, 2023 @ 12:27:08.148",pypi/tngaz25,prompt-tolokit,0.1,pypi
"Feb 11, 2023 @ 12:27:07.609",pypi/tngaz25,prrompt-toolkit,0.1,pypi
"Feb 11, 2023 @ 12:27:07.544",pypi/tngaz25,prompt-toolkitt,0.1,pypi
"Feb 11, 2023 @ 12:27:07.312",pypi/tngaz25,pormpt-toolkit,0.1,pypi
"Feb 11, 2023 @ 12:27:06.652",pypi/tngaz25,prompt-otolkit,0.1,pypi
"Feb 11, 2023 @ 12:27:06.385",pypi/tngaz25,rompt-toolkit,0.1,pypi
"Feb 11, 2023 @ 12:27:06.246",pypi/tngaz25,propt-toolkit,0.1,pypi
"Feb 11, 2023 @ 12:27:05.565",pypi/tngaz25,prmpt-toolkit,0.1,pypi
"Feb 11, 2023 @ 12:27:05.310",pypi/tngaz25,prompt-toolkiit,0.1,pypi
"Feb 11, 2023 @ 12:27:04.933",pypi/tngaz25,promtp-toolkit,0.1,pypi
"Feb 11, 2023 @ 12:27:04.648",pypi/tngaz25,pprompt-toolkit,0.1,pypi
"Feb 11, 2023 @ 12:27:03.789",pypi/tngaz25,prompt-toolkt,0.1,pypi
"Feb 11, 2023 @ 12:27:03.766",pypi/tngaz25,prompt-toolki,0.1,pypi
"Feb 11, 2023 @ 12:27:03.755",pypi/tngaz25,promt-toolkit,0.1,pypi
"Feb 11, 2023 @ 12:27:02.964",pypi/tngaz25,promppt-toolkit,0.1,pypi
"Feb 11, 2023 @ 12:27:01.805",pypi/tngaz25,pompt-toolkit,0.1,pypi
"Feb 11, 2023 @ 12:27:01.727",pypi/tngaz25,prommpt-toolkit,0.1,pypi
"Feb 11, 2023 @ 12:24:13.304",pypi/ijnou_i,progreessbar2,0.1,pypi
"Feb 11, 2023 @ 12:24:13.241",pypi/ijnou_i,progressbar22,0.1,pypi
"Feb 11, 2023 @ 12:24:12.249",pypi/ijnou_i,prrogressbar2,0.1,pypi
"Feb 11, 2023 @ 12:24:11.821",pypi/ijnou_i,prgressbar2,0.1,pypi
"Feb 11, 2023 @ 12:24:09.848",pypi/ijnou_i,progressba2,0.1,pypi
"Feb 11, 2023 @ 12:24:09.483",pypi/ijnou_i,progressabr2,0.1,pypi
"Feb 11, 2023 @ 12:24:08.394",pypi/ijnou_i,progresbsar2,0.1,pypi
"Feb 11, 2023 @ 12:24:07.132",pypi/ijnou_i,progerssbar2,0.1,pypi
"Feb 11, 2023 @ 12:24:05.071",pypi/ijnou_i,progrressbar2,0.1,pypi
"Feb 11, 2023 @ 12:24:03.255",pypi/ijnou_i,proggressbar2,0.1,pypi
"Feb 11, 2023 @ 12:21:10.654",pypi/ijnou_i,rogressbar2,0.1,pypi
"Feb 11, 2023 @ 12:21:10.389",pypi/ijnou_i,pprogressbar2,0.1,pypi
"Feb 11, 2023 @ 12:21:08.375",pypi/ijnou_i,rpogressbar2,0.1,pypi
"Feb 11, 2023 @ 12:21:07.810",pypi/ijnou_i,progressbra2,0.1,pypi
"Feb 11, 2023 @ 12:21:07.171",pypi/ijnou_i,prorgessbar2,0.1,pypi
"Feb 11, 2023 @ 12:21:06.949",pypi/ijnou_i,prgoressbar2,0.1,pypi
"Feb 11, 2023 @ 12:21:06.372",pypi/ijnou_i,progressar2,0.1,pypi
"Feb 11, 2023 @ 12:21:05.529",pypi/ijnou_i,progressbarr2,0.1,pypi
"Feb 11, 2023 @ 12:21:05.400",pypi/ijnou_i,progressba2r,0.1,pypi
"Feb 11, 2023 @ 12:21:04.934",pypi/ijnou_i,progressbbar2,0.1,pypi
"Feb 11, 2023 @ 12:21:04.932",pypi/ijnou_i,proogressbar2,0.1,pypi
"Feb 11, 2023 @ 12:21:04.644",pypi/ijnou_i,pogressbar2,0.1,pypi
"Feb 11, 2023 @ 12:21:04.290",pypi/ijnou_i,progressbr2,0.1,pypi
"Feb 11, 2023 @ 12:21:04.194",pypi/ijnou_i,progresssbar2,0.1,pypi
"Feb 11, 2023 @ 12:21:03.642",pypi/ijnou_i,progressbaar2,0.1,pypi
"Feb 11, 2023 @ 12:21:03.532",pypi/ijnou_i,progessbar2,0.1,pypi
"Feb 11, 2023 @ 12:21:03.453",pypi/ijnou_i,porgressbar2,0.1,pypi
"Feb 11, 2023 @ 12:21:02.969",pypi/ijnou_i,proressbar2,0.1,pypi
"Feb 11, 2023 @ 12:21:02.693",pypi/ijnou_i,progresbar2,0.1,pypi
"Feb 11, 2023 @ 12:21:01.794",pypi/ijnou_i,progrsesbar2,0.1,pypi
"Feb 11, 2023 @ 12:21:01.632",pypi/ijnou_i,progrssbar2,0.1,pypi
"Feb 11, 2023 @ 12:15:11.109",pypi/amosoks,pysoocks,0.1,pypi
"Feb 11, 2023 @ 12:15:10.007",pypi/amosoks,psocks,0.1,pypi
"Feb 11, 2023 @ 12:15:09.231",pypi/amosoks,pyscoks,0.1,pypi
"Feb 11, 2023 @ 12:15:08.950",pypi/amosoks,pyoscks,0.1,pypi
"Feb 11, 2023 @ 12:15:08.686",pypi/amosoks,ypsocks,0.1,pypi
"Feb 11, 2023 @ 12:15:05.807",pypi/amosoks,psyocks,0.1,pypi
"Feb 11, 2023 @ 12:15:05.169",pypi/amosoks,pysoks,0.1,pypi
"Feb 11, 2023 @ 12:15:05.030",pypi/amosoks,pysokcs,0.1,pypi
"Feb 11, 2023 @ 12:15:04.807",pypi/amosoks,pyysocks,0.1,pypi
"Feb 11, 2023 @ 12:15:03.608",pypi/amosoks,pyssocks,0.1,pypi
"Feb 11, 2023 @ 12:12:06.307",pypi/amosoks,pysocs,0.1,pypi
"Feb 11, 2023 @ 12:12:05.707",pypi/amosoks,pyscks,0.1,pypi
"Feb 11, 2023 @ 12:12:05.405",pypi/amosoks,ysocks,0.1,pypi
"Feb 11, 2023 @ 12:12:04.706",pypi/amosoks,pysockss,0.1,pypi
"Feb 11, 2023 @ 12:12:03.591",pypi/amosoks,pysocsk,0.1,pypi
"Feb 11, 2023 @ 12:12:03.527",pypi/amosoks,pysockks,0.1,pypi
"Feb 11, 2023 @ 12:12:02.871",pypi/amosoks,ppysocks,0.1,pypi
"Feb 11, 2023 @ 12:12:01.572",pypi/amosoks,pysoccks,0.1,pypi
"Feb 11, 2023 @ 12:12:01.486",pypi/amosoks,pyocks,0.1,pypi
"Feb 11, 2023 @ 12:09:09.351",pypi/amosoks,psuttil,0.1,pypi
"Feb 11, 2023 @ 12:09:08.967",pypi/amosoks,psutill,0.1,pypi
"Feb 11, 2023 @ 12:09:08.108",pypi/amosoks,pstil,0.1,pypi
"Feb 11, 2023 @ 12:09:08.051",pypi/amosoks,psuutil,0.1,pypi
"Feb 11, 2023 @ 12:09:07.152",pypi/amosoks,pustil,0.1,pypi
"Feb 11, 2023 @ 12:09:06.411",pypi/amosoks,ppsutil,0.1,pypi
"Feb 11, 2023 @ 12:09:06.147",pypi/amosoks,pstuil,0.1,pypi
"Feb 11, 2023 @ 12:09:05.732",pypi/amosoks,psuil,0.1,pypi
"Feb 11, 2023 @ 12:09:04.345",pypi/amosoks,pssutil,0.1,pypi
"Feb 11, 2023 @ 12:06:09.873",pypi/momentmail.ru,discodr-py,0.1,pypi
"Feb 11, 2023 @ 12:06:09.523",pypi/momentmail.ru,discod-py,0.1,pypi
"Feb 11, 2023 @ 12:06:09.190",pypi/momentmail.ru,idscord-py,0.1,pypi
"Feb 11, 2023 @ 12:06:09.003",pypi/momentmail.ru,dscord-py,0.1,pypi
"Feb 11, 2023 @ 12:06:08.850",pypi/momentmail.ru,iscord-py,0.1,pypi
"Feb 11, 2023 @ 12:06:08.010",pypi/momentmail.ru,discord-y,0.1,pypi
"Feb 11, 2023 @ 12:06:07.610",pypi/momentmail.ru,discrod-py,0.1,pypi
"Feb 11, 2023 @ 12:06:07.330",pypi/momentmail.ru,diiscord-py,0.1,pypi
"Feb 11, 2023 @ 12:06:07.207",pypi/momentmail.ru,disord-py,0.1,pypi
"Feb 11, 2023 @ 12:06:07.084",pypi/momentmail.ru,discordd-py,0.1,pypi
"Feb 11, 2023 @ 12:06:06.707",pypi/momentmail.ru,discord-ppy,0.1,pypi
"Feb 11, 2023 @ 12:06:06.463",pypi/momentmail.ru,discord-pyy,0.1,pypi
"Feb 11, 2023 @ 12:06:06.413",pypi/momentmail.ru,disccord-py,0.1,pypi
"Feb 11, 2023 @ 12:06:05.906",pypi/momentmail.ru,dicsord-py,0.1,pypi
"Feb 11, 2023 @ 12:06:05.586",pypi/momentmail.ru,discord-yp,0.1,pypi
"Feb 11, 2023 @ 12:06:05.492",pypi/momentmail.ru,disocrd-py,0.1,pypi
"Feb 11, 2023 @ 12:06:04.308",pypi/momentmail.ru,discord-p,0.1,pypi
"Feb 11, 2023 @ 12:06:03.027",pypi/momentmail.ru,dicord-py,0.1,pypi
"Feb 11, 2023 @ 12:06:01.364",pypi/amosoks,psuti,0.1,pypi
"Feb 11, 2023 @ 12:03:11.125",pypi/rjkz100,discord-webhhook,0.1,pypi
"Feb 11, 2023 @ 12:03:10.949",pypi/rjkz100,discord-wehbook,0.1,pypi
"Feb 11, 2023 @ 12:03:10.852",pypi/rjkz100,disccord-webhook,0.1,pypi
"Feb 11, 2023 @ 12:03:10.125",pypi/rjkz100,discord-webhoook,0.1,pypi
"Feb 11, 2023 @ 12:03:10.001",pypi/rjkz100,discord-webbhook,0.1,pypi
"Feb 11, 2023 @ 12:03:09.951",pypi/rjkz100,iscord-webhook,0.1,pypi
"Feb 11, 2023 @ 12:03:09.868",pypi/rjkz100,discord-webook,0.1,pypi
"Feb 11, 2023 @ 12:03:09.531",pypi/rjkz100,dsicord-webhook,0.1,pypi
"Feb 11, 2023 @ 12:03:09.330",pypi/rjkz100,discor-webhook,0.1,pypi
"Feb 11, 2023 @ 12:03:09.228",pypi/rjkz100,discord-wehook,0.1,pypi
"Feb 11, 2023 @ 12:03:08.551",pypi/rjkz100,discordd-webhook,0.1,pypi
"Feb 11, 2023 @ 12:03:08.144",pypi/rjkz100,discoord-webhook,0.1,pypi
"Feb 11, 2023 @ 12:03:07.989",pypi/rjkz100,discord-ebhook,0.1,pypi
"Feb 11, 2023 @ 12:03:07.450",pypi/rjkz100,disocrd-webhook,0.1,pypi
"Feb 11, 2023 @ 12:03:06.910",pypi/rjkz100,discord-webohok,0.1,pypi
"Feb 11, 2023 @ 12:03:06.611",pypi/rjkz100,discrd-webhook,0.1,pypi
"Feb 11, 2023 @ 12:03:05.549",pypi/momentmail.ru,disscord-py,0.1,pypi
"Feb 11, 2023 @ 12:03:05.052",pypi/rjkz100,idscord-webhook,0.1,pypi
"Feb 11, 2023 @ 12:03:04.911",pypi/rjkz100,discord-webhoko,0.1,pypi
"Feb 11, 2023 @ 12:03:04.331",pypi/momentmail.ru,ddiscord-py,0.1,pypi
"Feb 11, 2023 @ 12:03:03.691",pypi/rjkz100,discorrd-webhook,0.1,pypi
"Feb 11, 2023 @ 12:03:03.391",pypi/rjkz100,discrod-webhook,0.1,pypi
"Feb 11, 2023 @ 12:03:03.082",pypi/momentmail.ru,dsicord-py,0.1,pypi
"Feb 11, 2023 @ 12:03:02.989",pypi/momentmail.ru,discoord-py,0.1,pypi
"Feb 11, 2023 @ 12:03:01.601",pypi/momentmail.ru,discorrd-py,0.1,pypi
"Feb 11, 2023 @ 12:03:01.591",pypi/momentmail.ru,discrd-py,0.1,pypi
"Feb 11, 2023 @ 12:00:11.809",pypi/pisulka123,requests-tooblelt,0.1,pypi
"Feb 11, 2023 @ 12:00:11.791",pypi/pisulka123,requests-tolbelt,0.1,pypi
"Feb 11, 2023 @ 12:00:11.745",pypi/pisulka123,equests-toolbelt,0.1,pypi
"Feb 11, 2023 @ 12:00:11.689",pypi/pisulka123,erquests-toolbelt,0.1,pypi
"Feb 11, 2023 @ 12:00:11.249",pypi/rjkz100,discord-weebhook,0.1,pypi
"Feb 11, 2023 @ 12:00:11.061",pypi/rjkz100,disord-webhook,0.1,pypi
"Feb 11, 2023 @ 12:00:10.906",pypi/rjkz100,diiscord-webhook,0.1,pypi
"Feb 11, 2023 @ 12:00:10.806",pypi/rjkz100,discodr-webhook,0.1,pypi
"Feb 11, 2023 @ 12:00:10.630",pypi/rjkz100,dicsord-webhook,0.1,pypi
"Feb 11, 2023 @ 12:00:10.327",pypi/pisulka123,requess-toolbelt,0.1,pypi
"Feb 11, 2023 @ 12:00:09.942",pypi/pisulka123,reqeusts-toolbelt,0.1,pypi
"Feb 11, 2023 @ 12:00:09.844",pypi/rjkz100,discord-wbhook,0.1,pypi
"Feb 11, 2023 @ 12:00:09.360",pypi/pisulka123,requesst-toolbelt,0.1,pypi
"Feb 11, 2023 @ 12:00:09.350",pypi/pisulka123,requests-toolbetl,0.1,pypi
"Feb 11, 2023 @ 12:00:08.388",pypi/pisulka123,requets-toolbelt,0.1,pypi
"Feb 11, 2023 @ 12:00:08.310",pypi/rjkz100,discord-wwebhook,0.1,pypi
"Feb 11, 2023 @ 12:00:07.550",pypi/rjkz100,discord-webhookk,0.1,pypi
"Feb 11, 2023 @ 12:00:07.389",pypi/rjkz100,discord-ewbhook,0.1,pypi
"Feb 11, 2023 @ 12:00:07.248",pypi/rjkz100,discord-webhoo,0.1,pypi
"Feb 11, 2023 @ 12:00:05.506",pypi/pisulka123,requuests-toolbelt,0.1,pypi
"Feb 11, 2023 @ 12:00:05.268",pypi/pisulka123,rrequests-toolbelt,0.1,pypi
"Feb 11, 2023 @ 12:00:04.431",pypi/rjkz100,discod-webhook,0.1,pypi
"Feb 11, 2023 @ 12:00:04.309",pypi/rjkz100,disscord-webhook,0.1,pypi
"Feb 11, 2023 @ 12:00:03.371",pypi/rjkz100,discord-wbehook,0.1,pypi
"Feb 11, 2023 @ 12:00:03.171",pypi/rjkz100,dscord-webhook,0.1,pypi
"Feb 11, 2023 @ 12:00:02.946",pypi/rjkz100,discord-webhok,0.1,pypi
"Feb 11, 2023 @ 12:00:01.727",pypi/rjkz100,ddiscord-webhook,0.1,pypi
"Feb 11, 2023 @ 12:00:01.648",pypi/rjkz100,dicord-webhook,0.1,pypi
"Feb 11, 2023 @ 11:57:15.230",pypi/pisulka123,requests-tolobelt,0.1,pypi
"Feb 11, 2023 @ 11:57:12.944",pypi/pisulka123,requetss-toolbelt,0.1,pypi
"Feb 11, 2023 @ 11:57:12.811",pypi/pisulka123,requests-toobelt,0.1,pypi
"Feb 11, 2023 @ 11:57:12.580",pypi/pisulka123,requests-tooleblt,0.1,pypi
"Feb 11, 2023 @ 11:57:12.526",pypi/pisulka123,requests-toolbeltt,0.1,pypi
"Feb 11, 2023 @ 11:57:12.365",pypi/pisulka123,rqeuests-toolbelt,0.1,pypi
"Feb 11, 2023 @ 11:57:12.269",pypi/pisulka123,requests-tooolbelt,0.1,pypi
"Feb 11, 2023 @ 11:57:11.942",pypi/pisulka123,rquests-toolbelt,0.1,pypi
"Feb 11, 2023 @ 11:57:11.671",pypi/pisulka123,requests-oolbelt,0.1,pypi
"Feb 11, 2023 @ 11:57:11.445",pypi/pisulka123,requsts-toolbelt,0.1,pypi
"Feb 11, 2023 @ 11:57:10.766",pypi/pisulka123,reequests-toolbelt,0.1,pypi
"Feb 11, 2023 @ 11:57:10.579",pypi/pisulka123,requests-toolbet,0.1,pypi
"Feb 11, 2023 @ 11:57:10.251",pypi/pisulka123,reqests-toolbelt,0.1,pypi
"Feb 11, 2023 @ 11:57:09.860",pypi/pisulka123,reuqests-toolbelt,0.1,pypi
"Feb 11, 2023 @ 11:57:09.705",pypi/pisulka123,requests-toollbelt,0.1,pypi
"Feb 11, 2023 @ 11:57:09.066",pypi/pisulka123,requestts-toolbelt,0.1,pypi
"Feb 11, 2023 @ 11:57:08.023",pypi/pisulka123,requests-toolblet,0.1,pypi
"Feb 11, 2023 @ 11:57:07.384",pypi/pisulka123,reuests-toolbelt,0.1,pypi
"Feb 11, 2023 @ 11:57:07.221",pypi/pisulka123,requsets-toolbelt,0.1,pypi
"Feb 11, 2023 @ 11:57:06.884",pypi/pisulka123,requestss-toolbelt,0.1,pypi
"Feb 11, 2023 @ 11:57:06.559",pypi/pisulka123,requests-ttoolbelt,0.1,pypi
"Feb 11, 2023 @ 11:57:05.964",pypi/pisulka123,request-toolbelt,0.1,pypi
"Feb 11, 2023 @ 11:57:05.931",pypi/pisulka123,requests-toolbbelt,0.1,pypi
"Feb 11, 2023 @ 11:57:05.741",pypi/pisulka123,requests-otolbelt,0.1,pypi
"Feb 11, 2023 @ 11:57:05.687",pypi/pisulka123,requests-toolbel,0.1,pypi
"Feb 11, 2023 @ 11:57:05.161",pypi/pisulka123,reqquests-toolbelt,0.1,pypi
"Feb 11, 2023 @ 11:57:03.768",pypi/pisulka123,requests-toolbellt,0.1,pypi
"Feb 11, 2023 @ 11:57:03.720",pypi/pisulka123,requests-toolelt,0.1,pypi
"Feb 11, 2023 @ 11:57:03.100",pypi/pisulka123,requessts-toolbelt,0.1,pypi
"Feb 11, 2023 @ 11:57:03.066",pypi/pisulka123,requests-toolblt,0.1,pypi
"Feb 11, 2023 @ 11:57:01.699",pypi/pisulka123,requests-toolbeelt,0.1,pypi
"Feb 11, 2023 @ 11:57:01.468",pypi/pisulka123,requeests-toolbelt,0.1,pypi
"Feb 11, 2023 @ 11:48:11.338",pypi/ojcn0,simpleson,0.1,pypi
"Feb 11, 2023 @ 11:48:10.736",pypi/ojcn0,simplejosn,0.1,pypi
"Feb 11, 2023 @ 11:48:09.426",pypi/ojcn0,simpplejson,0.1,pypi
"Feb 11, 2023 @ 11:48:09.034",pypi/ojcn0,simpljeson,0.1,pypi
"Feb 11, 2023 @ 11:48:08.724",pypi/ojcn0,smiplejson,0.1,pypi
"Feb 11, 2023 @ 11:48:07.896",pypi/ojcn0,simpejson,0.1,pypi
"Feb 11, 2023 @ 11:48:06.655",pypi/ojcn0,simplejsoon,0.1,pypi
"Feb 11, 2023 @ 11:48:05.435",pypi/ojcn0,simplejsson,0.1,pypi
"Feb 11, 2023 @ 11:48:04.673",pypi/ojcn0,siplejson,0.1,pypi
"Feb 11, 2023 @ 11:48:04.246",pypi/ojcn0,siimplejson,0.1,pypi
"Feb 11, 2023 @ 11:45:10.436",pypi/ojcn0,simplesjon,0.1,pypi
"Feb 11, 2023 @ 11:45:10.138",pypi/ojcn0,simpeljson,0.1,pypi
"Feb 11, 2023 @ 11:45:08.613",pypi/ojcn0,simplejsonn,0.1,pypi
"Feb 11, 2023 @ 11:45:07.992",pypi/ojcn0,ismplejson,0.1,pypi
"Feb 11, 2023 @ 11:45:07.132",pypi/ojcn0,simpleejson,0.1,pypi
"Feb 11, 2023 @ 11:45:06.933",pypi/ojcn0,sipmlejson,0.1,pypi
"Feb 11, 2023 @ 11:45:06.931",pypi/ojcn0,simpllejson,0.1,pypi
"Feb 11, 2023 @ 11:45:06.093",pypi/ojcn0,simplejon,0.1,pypi
"Feb 11, 2023 @ 11:45:06.070",pypi/ojcn0,simplejsno,0.1,pypi
"Feb 11, 2023 @ 11:45:05.693",pypi/ojcn0,ssimplejson,0.1,pypi
"Feb 11, 2023 @ 11:45:05.552",pypi/ojcn0,simpljson,0.1,pypi
"Feb 11, 2023 @ 11:45:05.251",pypi/ojcn0,simplejsn,0.1,pypi
"Feb 11, 2023 @ 11:45:04.834",pypi/ojcn0,simlpejson,0.1,pypi
"Feb 11, 2023 @ 11:45:04.676",pypi/ojcn0,simlejson,0.1,pypi
"Feb 11, 2023 @ 11:45:04.493",pypi/ojcn0,simplejso,0.1,pypi
"Feb 11, 2023 @ 11:45:04.171",pypi/ojcn0,implejson,0.1,pypi
"Feb 11, 2023 @ 11:45:02.091",pypi/ojcn0,simmplejson,0.1,pypi
"Feb 11, 2023 @ 11:45:01.971",pypi/ojcn0,simplejjson,0.1,pypi
"Feb 11, 2023 @ 11:42:05.593",pypi/olafedotova,rllib3,0.1,pypi
"Feb 11, 2023 @ 11:42:05.573",pypi/olafedotova,urrllib3,0.1,pypi
"Feb 11, 2023 @ 11:42:05.293",pypi/olafedotova,rullib3,0.1,pypi
"Feb 11, 2023 @ 11:42:04.571",pypi/olafedotova,urllbi3,0.1,pypi
"Feb 11, 2023 @ 11:42:04.191",pypi/olafedotova,urlli3,0.1,pypi
"Feb 11, 2023 @ 11:42:03.876",pypi/olafedotova,urllibb3,0.1,pypi
"Feb 11, 2023 @ 11:42:03.218",pypi/olafedotova,urllb3,0.1,pypi
"Feb 11, 2023 @ 11:42:02.930",pypi/olafedotova,urlli3b,0.1,pypi
"Feb 11, 2023 @ 11:42:01.870",pypi/olafedotova,urlliib3,0.1,pypi
"Feb 11, 2023 @ 11:42:01.857",pypi/olafedotova,uurllib3,0.1,pypi
"Feb 11, 2023 @ 11:39:13.698",pypi/nur020890,xlsxwrtier,0.1,pypi
"Feb 11, 2023 @ 11:39:12.970",pypi/nur020890,xlsxwrite,0.1,pypi
"Feb 11, 2023 @ 11:39:12.686",pypi/nur020890,lsxwriter,0.1,pypi
"Feb 11, 2023 @ 11:39:11.830",pypi/nur020890,lxsxwriter,0.1,pypi
"Feb 11, 2023 @ 11:39:11.188",pypi/nur020890,xxlsxwriter,0.1,pypi
"Feb 11, 2023 @ 11:39:10.669",pypi/nur020890,xlsxwriiter,0.1,pypi
"Feb 11, 2023 @ 11:39:10.225",pypi/nur020890,xlsxxwriter,0.1,pypi
"Feb 11, 2023 @ 11:39:09.847",pypi/nur020890,xlsxwriterr,0.1,pypi
"Feb 11, 2023 @ 11:39:09.385",pypi/nur020890,xlssxwriter,0.1,pypi
"Feb 11, 2023 @ 11:39:09.009",pypi/nur020890,xlsxwriteer,0.1,pypi
"Feb 11, 2023 @ 11:39:08.989",pypi/nur020890,xlxswriter,0.1,pypi
"Feb 11, 2023 @ 11:39:08.566",pypi/nur020890,xlsxrwiter,0.1,pypi
"Feb 11, 2023 @ 11:39:08.208",pypi/nur020890,xllsxwriter,0.1,pypi
"Feb 11, 2023 @ 11:39:08.069",pypi/nur020890,xlxwriter,0.1,pypi
"Feb 11, 2023 @ 11:39:07.846",pypi/nur020890,xlsxwrriter,0.1,pypi
"Feb 11, 2023 @ 11:39:07.045",pypi/nur020890,xlsxwritre,0.1,pypi
"Feb 11, 2023 @ 11:39:06.648",pypi/nur020890,xlsxriter,0.1,pypi
"Feb 11, 2023 @ 11:39:06.306",pypi/nur020890,xlsxwiter,0.1,pypi
"Feb 11, 2023 @ 11:39:06.129",pypi/nur020890,xlsxwrier,0.1,pypi
"Feb 11, 2023 @ 11:39:05.624",pypi/nur020890,xsxwriter,0.1,pypi
"Feb 11, 2023 @ 11:39:04.804",pypi/nur020890,xlswxriter,0.1,pypi
"Feb 11, 2023 @ 11:39:03.905",pypi/nur020890,xlsxwwriter,0.1,pypi
"Feb 11, 2023 @ 11:39:03.463",pypi/nur020890,xlsxwritr,0.1,pypi
"Feb 11, 2023 @ 11:39:02.664",pypi/nur020890,xlsxwrietr,0.1,pypi
"Feb 11, 2023 @ 11:39:01.673",pypi/nur020890,xlsxwrter,0.1,pypi
"Feb 11, 2023 @ 11:39:01.566",pypi/nur020890,xlsxwritter,0.1,pypi
"Feb 11, 2023 @ 11:33:08.644",pypi/rada.mebel,opeenpyxl,0.1,pypi
"Feb 11, 2023 @ 11:33:07.302",pypi/rada.mebel,openypxl,0.1,pypi
"Feb 11, 2023 @ 11:33:07.254",pypi/rada.mebel,oppenpyxl,0.1,pypi
"Feb 11, 2023 @ 11:33:06.959",pypi/rada.mebel,opnepyxl,0.1,pypi
"Feb 11, 2023 @ 11:33:06.649",pypi/rada.mebel,opennpyxl,0.1,pypi
"Feb 11, 2023 @ 11:33:06.243",pypi/rada.mebel,oopenpyxl,0.1,pypi
"Feb 11, 2023 @ 11:33:06.238",pypi/rada.mebel,openppyxl,0.1,pypi
"Feb 11, 2023 @ 11:33:05.894",pypi/rada.mebel,openpyx,0.1,pypi
"Feb 11, 2023 @ 11:33:05.193",pypi/rada.mebel,openpyyxl,0.1,pypi
"Feb 11, 2023 @ 11:33:05.105",pypi/rada.mebel,openpyxxl,0.1,pypi
"Feb 11, 2023 @ 11:33:04.956",pypi/rada.mebel,openpyxll,0.1,pypi
"Feb 11, 2023 @ 11:33:04.931",pypi/rada.mebel,poenpyxl,0.1,pypi
"Feb 11, 2023 @ 11:33:04.395",pypi/rada.mebel,oenpyxl,0.1,pypi
"Feb 11, 2023 @ 11:33:03.650",pypi/rada.mebel,oepnpyxl,0.1,pypi
"Feb 11, 2023 @ 11:33:03.544",pypi/rada.mebel,openyxl,0.1,pypi
"Feb 11, 2023 @ 11:33:03.438",pypi/rada.mebel,opepyxl,0.1,pypi
"Feb 11, 2023 @ 11:33:01.698",pypi/rada.mebel,openpylx,0.1,pypi
"Feb 11, 2023 @ 11:30:05.707",pypi/leon1971_2010,pilloww,0.1,pypi
"Feb 11, 2023 @ 11:30:04.494",pypi/leon1971_2010,pllow,0.1,pypi
"Feb 11, 2023 @ 11:30:03.687",pypi/leon1971_2010,pilloow,0.1,pypi
"Feb 11, 2023 @ 11:30:03.494",pypi/leon1971_2010,ipllow,0.1,pypi
"Feb 11, 2023 @ 11:30:03.465",pypi/leon1971_2010,pillw,0.1,pypi
"Feb 11, 2023 @ 11:30:03.053",pypi/leon1971_2010,pilllow,0.1,pypi
"Feb 11, 2023 @ 11:30:01.533",pypi/leon1971_2010,ppillow,0.1,pypi
"Feb 11, 2023 @ 11:30:01.352",pypi/leon1971_2010,pilolw,0.1,pypi
"Feb 11, 2023 @ 11:27:06.055",pypi/pet_lug1,cclick,0.1,pypi
"Feb 11, 2023 @ 11:27:05.571",pypi/pet_lug1,clicck,0.1,pypi
"Feb 11, 2023 @ 11:27:04.872",pypi/pet_lug1,clickk,0.1,pypi
"Feb 11, 2023 @ 11:27:03.413",pypi/pet_lug1,cick,0.1,pypi
"Feb 11, 2023 @ 11:27:03.395",pypi/pet_lug1,clcik,0.1,pypi
"Feb 11, 2023 @ 11:27:03.028",pypi/pet_lug1,clikc,0.1,pypi
"Feb 11, 2023 @ 11:27:01.675",pypi/pet_lug1,lcick,0.1,pypi
"Feb 11, 2023 @ 11:27:01.566",pypi/pet_lug1,cliick,0.1,pypi
"Feb 11, 2023 @ 11:24:11.949",pypi/user.user.62,weebsocket-client,0.1,pypi
"Feb 11, 2023 @ 11:24:11.844",pypi/user.user.62,websockte-client,0.1,pypi
"Feb 11, 2023 @ 11:24:11.342",pypi/user.user.62,websocket-cliet,0.1,pypi
"Feb 11, 2023 @ 11:24:11.105",pypi/user.user.62,websocket-cclient,0.1,pypi
"Feb 11, 2023 @ 11:24:10.931",pypi/user.user.62,websocket-cllient,0.1,pypi
"Feb 11, 2023 @ 11:24:10.803",pypi/user.user.62,wwebsocket-client,0.1,pypi
"Feb 11, 2023 @ 11:24:10.145",pypi/user.user.62,wbesocket-client,0.1,pypi
"Feb 11, 2023 @ 11:24:09.912",pypi/user.user.62,wbsocket-client,0.1,pypi
"Feb 11, 2023 @ 11:24:08.926",pypi/user.user.62,websocket-lcient,0.1,pypi
"Feb 11, 2023 @ 11:24:08.211",pypi/user.user.62,websoket-client,0.1,pypi
"Feb 11, 2023 @ 11:24:08.022",pypi/user.user.62,websoocket-client,0.1,pypi
"Feb 11, 2023 @ 11:24:08.007",pypi/user.user.62,websockket-client,0.1,pypi
"Feb 11, 2023 @ 11:24:07.224",pypi/user.user.62,ebsocket-client,0.1,pypi
"Feb 11, 2023 @ 11:24:07.171",pypi/user.user.62,websocket-lient,0.1,pypi
"Feb 11, 2023 @ 11:24:07.145",pypi/user.user.62,websocket-cient,0.1,pypi
"Feb 11, 2023 @ 11:24:06.647",pypi/user.user.62,ewbsocket-client,0.1,pypi
"Feb 11, 2023 @ 11:24:06.629",pypi/user.user.62,webscoket-client,0.1,pypi
"Feb 11, 2023 @ 11:24:06.524",pypi/user.user.62,wesocket-client,0.1,pypi
"Feb 11, 2023 @ 11:24:06.193",pypi/user.user.62,webocket-client,0.1,pypi
"Feb 11, 2023 @ 11:24:06.069",pypi/user.user.62,websockett-client,0.1,pypi
"Feb 11, 2023 @ 11:24:05.863",pypi/user.user.62,websocket-clien,0.1,pypi
"Feb 11, 2023 @ 11:24:05.224",pypi/user.user.62,websocket-clinet,0.1,pypi
"Feb 11, 2023 @ 11:24:04.971",pypi/user.user.62,websocekt-client,0.1,pypi
"Feb 11, 2023 @ 11:24:04.005",pypi/user.user.62,websokcet-client,0.1,pypi
"Feb 11, 2023 @ 11:24:03.749",pypi/user.user.62,websocet-client,0.1,pypi
"Feb 11, 2023 @ 11:24:03.684",pypi/user.user.62,websocket-clieent,0.1,pypi
"Feb 11, 2023 @ 11:24:03.552",pypi/user.user.62,websocket-clietn,0.1,pypi
"Feb 11, 2023 @ 11:24:02.951",pypi/user.user.62,websocke-client,0.1,pypi
"Feb 11, 2023 @ 11:24:02.684",pypi/user.user.62,websocket-cliennt,0.1,pypi
"Feb 11, 2023 @ 11:24:01.530",pypi/user.user.62,websocket-clientt,0.1,pypi
"Feb 11, 2023 @ 11:24:01.521",pypi/user.user.62,webbsocket-client,0.1,pypi
"Feb 11, 2023 @ 11:21:07.265",pypi/user.user.62,webssocket-client,0.1,pypi
"Feb 11, 2023 @ 11:21:06.291",pypi/user.user.62,weboscket-client,0.1,pypi
"Feb 11, 2023 @ 11:21:06.290",pypi/user.user.62,websockeet-client,0.1,pypi
"Feb 11, 2023 @ 11:21:05.723",pypi/user.user.62,wesbocket-client,0.1,pypi
"Feb 11, 2023 @ 11:21:04.462",pypi/user.user.62,websocket-cleint,0.1,pypi
"Feb 11, 2023 @ 11:21:04.283",pypi/user.user.62,websoccket-client,0.1,pypi
"Feb 11, 2023 @ 11:21:03.604",pypi/user.user.62,webscket-client,0.1,pypi
"Feb 11, 2023 @ 11:21:02.543",pypi/user.user.62,websockt-client,0.1,pypi
"Feb 11, 2023 @ 11:21:01.522",pypi/user.user.62,websocket-clint,0.1,pypi
"Feb 10, 2023 @ 20:48:07.779",pypi/stason070788,aiohtt,0.1,pypi
"Feb 10, 2023 @ 20:48:06.439",pypi/stason070788,aiohhttp,0.1,pypi
"Feb 10, 2023 @ 20:48:06.301",pypi/stason070788,aiohttpp,0.1,pypi
"Feb 10, 2023 @ 20:48:05.879",pypi/stason070788,aioohttp,0.1,pypi
"Feb 10, 2023 @ 20:48:05.542",pypi/stason070788,aaiohttp,0.1,pypi
"Feb 10, 2023 @ 20:48:05.359",pypi/stason070788,aihottp,0.1,pypi
"Feb 10, 2023 @ 20:48:04.659",pypi/stason070788,aohttp,0.1,pypi
"Feb 10, 2023 @ 20:48:03.639",pypi/stason070788,iaohttp,0.1,pypi
"Feb 10, 2023 @ 20:48:03.300",pypi/stason070788,aiohtpt,0.1,pypi
"Feb 10, 2023 @ 20:48:02.900",pypi/stason070788,aiottp,0.1,pypi
"Feb 10, 2023 @ 20:48:01.419",pypi/stason070788,aiothtp,0.1,pypi
"Feb 10, 2023 @ 20:36:11.196",pypi/speeede35,ypthon-binance,0.1,pypi
"Feb 10, 2023 @ 20:36:10.816",pypi/speeede35,pyton-binance,0.1,pypi
"Feb 10, 2023 @ 20:36:10.536",pypi/speeede35,ppython-binance,0.1,pypi
"Feb 10, 2023 @ 20:36:10.338",pypi/speeede35,pytohn-binance,0.1,pypi
"Feb 10, 2023 @ 20:36:10.279",pypi/speeede35,pythno-binance,0.1,pypi
"Feb 10, 2023 @ 20:36:10.129",pypi/speeede35,python-binace,0.1,pypi
"Feb 10, 2023 @ 20:36:09.717",pypi/speeede35,python-binannce,0.1,pypi
"Feb 10, 2023 @ 20:36:09.187",pypi/speeede35,pythoon-binance,0.1,pypi
"Feb 10, 2023 @ 20:36:08.956",pypi/speeede35,python-biinance,0.1,pypi
"Feb 10, 2023 @ 20:36:08.317",pypi/speeede35,python-binanec,0.1,pypi
"Feb 10, 2023 @ 20:36:07.990",pypi/speeede35,pyhon-binance,0.1,pypi
"Feb 10, 2023 @ 20:36:07.677",pypi/speeede35,pythhon-binance,0.1,pypi
"Feb 10, 2023 @ 20:36:07.327",pypi/speeede35,pytho-binance,0.1,pypi
"Feb 10, 2023 @ 20:36:06.995",pypi/speeede35,pythn-binance,0.1,pypi
"Feb 10, 2023 @ 20:36:06.499",pypi/speeede35,python-binnance,0.1,pypi
"Feb 10, 2023 @ 20:36:06.096",pypi/speeede35,ptyhon-binance,0.1,pypi
"Feb 10, 2023 @ 20:36:06.016",pypi/speeede35,python-bniance,0.1,pypi
"Feb 10, 2023 @ 20:36:05.779",pypi/speeede35,python-binanc,0.1,pypi
"Feb 10, 2023 @ 20:36:05.120",pypi/speeede35,python-binancee,0.1,pypi
"Feb 10, 2023 @ 20:36:04.955",pypi/speeede35,pythonn-binance,0.1,pypi
"Feb 10, 2023 @ 20:36:03.898",pypi/speeede35,pyhton-binance,0.1,pypi
"Feb 10, 2023 @ 20:36:03.795",pypi/speeede35,python-binancce,0.1,pypi
"Feb 10, 2023 @ 20:36:03.679",pypi/speeede35,python-biannce,0.1,pypi
"Feb 10, 2023 @ 20:36:03.037",pypi/speeede35,pytthon-binance,0.1,pypi
"Feb 10, 2023 @ 20:36:02.576",pypi/speeede35,python-bnance,0.1,pypi
"Feb 10, 2023 @ 20:36:01.577",pypi/speeede35,python-binnce,0.1,pypi
"Feb 10, 2023 @ 20:33:09.178",pypi/speeede35,python-binacne,0.1,pypi
"Feb 10, 2023 @ 20:33:08.256",pypi/speeede35,python-binaance,0.1,pypi
"Feb 10, 2023 @ 20:33:07.933",pypi/speeede35,python-binnace,0.1,pypi
"Feb 10, 2023 @ 20:33:07.534",pypi/speeede35,python-biance,0.1,pypi
"Feb 10, 2023 @ 20:33:07.294",pypi/speeede35,python-ibnance,0.1,pypi
"Feb 10, 2023 @ 20:33:05.907",pypi/speeede35,python-binane,0.1,pypi
"Feb 10, 2023 @ 20:33:04.905",pypi/speeede35,pthon-binance,0.1,pypi
"Feb 10, 2023 @ 20:33:04.757",pypi/speeede35,python-inance,0.1,pypi
"Feb 10, 2023 @ 20:33:03.639",pypi/speeede35,python-bbinance,0.1,pypi
"Feb 10, 2023 @ 20:33:02.179",pypi/speeede35,pyython-binance,0.1,pypi
"Feb 10, 2023 @ 20:33:02.053",pypi/speeede35,ython-binance,0.1,pypi
"Feb 10, 2023 @ 20:27:10.930",pypi/r5r5ysdf,pyttorch,0.1,pypi
"Feb 10, 2023 @ 20:27:10.811",pypi/r5r5ysdf,pyytorch,0.1,pypi
"Feb 10, 2023 @ 20:27:10.534",pypi/r5r5ysdf,pytrch,0.1,pypi
"Feb 10, 2023 @ 20:27:10.440",pypi/r5r5ysdf,pytoch,0.1,pypi
"Feb 10, 2023 @ 20:27:10.269",pypi/r5r5ysdf,ytorch,0.1,pypi
"Feb 10, 2023 @ 20:27:08.415",pypi/maisarat1961,pygae,0.1,pypi
"Feb 10, 2023 @ 20:27:07.635",pypi/maisarat1961,pgame,0.1,pypi
"Feb 10, 2023 @ 20:27:05.953",pypi/maisarat1961,pyagme,0.1,pypi
"Feb 10, 2023 @ 20:27:04.795",pypi/maisarat1961,pygamme,0.1,pypi
"Feb 10, 2023 @ 20:27:04.017",pypi/maisarat1961,pygaame,0.1,pypi
"Feb 10, 2023 @ 20:27:03.920",pypi/maisarat1961,pyggame,0.1,pypi
"Feb 10, 2023 @ 20:27:03.751",pypi/maisarat1961,pygamee,0.1,pypi
"Feb 10, 2023 @ 20:27:03.175",pypi/maisarat1961,ppygame,0.1,pypi
"Feb 10, 2023 @ 20:27:03.071",pypi/maisarat1961,ygame,0.1,pypi
"Feb 10, 2023 @ 20:27:01.692",pypi/maisarat1961,pygmae,0.1,pypi
"Feb 10, 2023 @ 20:27:01.677",pypi/maisarat1961,pyygame,0.1,pypi
"Feb 10, 2023 @ 20:24:07.132",pypi/r5r5ysdf,ppytorch,0.1,pypi
"Feb 10, 2023 @ 20:24:06.391",pypi/r5r5ysdf,ptorch,0.1,pypi
"Feb 10, 2023 @ 20:24:05.236",pypi/r5r5ysdf,pytorh,0.1,pypi
"Feb 10, 2023 @ 20:24:04.869",pypi/r5r5ysdf,ptyorch,0.1,pypi
"Feb 10, 2023 @ 20:24:04.368",pypi/r5r5ysdf,pytorrch,0.1,pypi
"Feb 10, 2023 @ 20:24:03.474",pypi/r5r5ysdf,pytorcch,0.1,pypi
"Feb 10, 2023 @ 20:24:02.534",pypi/r5r5ysdf,pytoorch,0.1,pypi
"Feb 10, 2023 @ 20:24:01.455",pypi/r5r5ysdf,pytocrh,0.1,pypi
"Feb 10, 2023 @ 20:24:01.358",pypi/r5r5ysdf,pytorchh,0.1,pypi
"Feb 10, 2023 @ 20:21:07.553",pypi/qwertyqwery,pndas,0.1,pypi
"Feb 10, 2023 @ 20:21:06.609",pypi/qwertyqwery,pandaas,0.1,pypi
"Feb 10, 2023 @ 20:21:06.066",pypi/qwertyqwery,pandsa,0.1,pypi
"Feb 10, 2023 @ 20:21:05.453",pypi/qwertyqwery,panads,0.1,pypi
"Feb 10, 2023 @ 20:21:04.605",pypi/qwertyqwery,panas,0.1,pypi
"Feb 10, 2023 @ 20:21:03.055",pypi/qwertyqwery,apndas,0.1,pypi
"Feb 10, 2023 @ 20:21:02.565",pypi/qwertyqwery,pnadas,0.1,pypi
"Feb 10, 2023 @ 20:21:01.473",pypi/qwertyqwery,ppandas,0.1,pypi
"Feb 10, 2023 @ 20:15:12.074",pypi/rivalol2,scikit-lern,0.1,pypi
"Feb 10, 2023 @ 20:15:11.694",pypi/rivalol2,scikit-laern,0.1,pypi
"Feb 10, 2023 @ 20:15:11.414",pypi/rivalol2,scikitt-learn,0.1,pypi
"Feb 10, 2023 @ 20:15:11.390",pypi/rivalol2,scikkit-learn,0.1,pypi
"Feb 10, 2023 @ 20:15:11.303",pypi/rivalol2,scikit-lean,0.1,pypi
"Feb 10, 2023 @ 20:15:11.112",pypi/rivalol2,scikit-leanr,0.1,pypi
"Feb 10, 2023 @ 20:15:10.829",pypi/rivalol2,scikit-learrn,0.1,pypi
"Feb 10, 2023 @ 20:15:10.535",pypi/rivalol2,scikit-learnn,0.1,pypi
"Feb 10, 2023 @ 20:15:09.988",pypi/rivalol2,sciki-learn,0.1,pypi
"Feb 10, 2023 @ 20:15:09.853",pypi/rivalol2,scikit-leearn,0.1,pypi
"Feb 10, 2023 @ 20:15:09.833",pypi/rivalol2,scikit-leaarn,0.1,pypi
"Feb 10, 2023 @ 20:15:09.353",pypi/rivalol2,scikt-learn,0.1,pypi
"Feb 10, 2023 @ 20:15:08.893",pypi/rivalol2,scikit-elarn,0.1,pypi
"Feb 10, 2023 @ 20:15:08.231",pypi/rivalol2,csikit-learn,0.1,pypi
"Feb 10, 2023 @ 20:15:08.209",pypi/rivalol2,sciikit-learn,0.1,pypi
"Feb 10, 2023 @ 20:15:07.634",pypi/rivalol2,cikit-learn,0.1,pypi
"Feb 10, 2023 @ 20:15:07.550",pypi/rivalol2,sciikt-learn,0.1,pypi
"Feb 10, 2023 @ 20:15:07.092",pypi/rivalol2,scikit-leran,0.1,pypi
"Feb 10, 2023 @ 20:15:07.044",pypi/rivalol2,scikit-earn,0.1,pypi
"Feb 10, 2023 @ 20:15:07.032",pypi/rivalol2,scikit-larn,0.1,pypi
"Feb 10, 2023 @ 20:15:06.808",pypi/rivalol2,scikiit-learn,0.1,pypi
"Feb 10, 2023 @ 20:15:06.413",pypi/rivalol2,sckiit-learn,0.1,pypi
"Feb 10, 2023 @ 20:15:05.927",pypi/rivalol2,scikit-lear,0.1,pypi
"Feb 10, 2023 @ 20:15:05.441",pypi/rivalol2,sikit-learn,0.1,pypi
"Feb 10, 2023 @ 20:15:05.352",pypi/rivalol2,scikti-learn,0.1,pypi
"Feb 10, 2023 @ 20:15:04.761",pypi/rivalol2,sickit-learn,0.1,pypi
"Feb 10, 2023 @ 20:15:04.668",pypi/rivalol2,sciit-learn,0.1,pypi
"Feb 10, 2023 @ 20:15:04.152",pypi/rivalol2,sccikit-learn,0.1,pypi
"Feb 10, 2023 @ 20:15:03.548",pypi/rivalol2,sscikit-learn,0.1,pypi
"Feb 10, 2023 @ 20:15:02.070",pypi/rivalol2,scikit-llearn,0.1,pypi
"Feb 10, 2023 @ 17:39:07.430",pypi/nblednovaaa,tnsorflow,0.1,pypi
"Feb 10, 2023 @ 17:39:07.068",pypi/nblednovaaa,tensroflow,0.1,pypi
"Feb 10, 2023 @ 17:39:07.017",pypi/nblednovaaa,tnesorflow,0.1,pypi
"Feb 10, 2023 @ 17:39:06.847",pypi/nblednovaaa,tensorfloow,0.1,pypi
"Feb 10, 2023 @ 17:39:05.916",pypi/nblednovaaa,ensorflow,0.1,pypi
"Feb 10, 2023 @ 17:39:05.864",pypi/nblednovaaa,tensorflo,0.1,pypi
"Feb 10, 2023 @ 17:39:05.155",pypi/nblednovaaa,tenorflow,0.1,pypi
"Feb 10, 2023 @ 17:39:04.335",pypi/nblednovaaa,tensoorflow,0.1,pypi
"Feb 10, 2023 @ 17:39:04.129",pypi/nblednovaaa,tesorflow,0.1,pypi
"Feb 10, 2023 @ 17:39:02.874",pypi/nblednovaaa,tensorfflow,0.1,pypi
"Feb 10, 2023 @ 17:39:01.534",pypi/nblednovaaa,tenosrflow,0.1,pypi
"Feb 10, 2023 @ 17:36:12.065",pypi/sanyaperminov,pyinsstaller,0.1,pypi
"Feb 10, 2023 @ 17:36:11.746",pypi/sanyaperminov,pynistaller,0.1,pypi
"Feb 10, 2023 @ 17:36:11.451",pypi/sanyaperminov,ypinstaller,0.1,pypi
"Feb 10, 2023 @ 17:36:10.824",pypi/sanyaperminov,pyinstalleer,0.1,pypi
"Feb 10, 2023 @ 17:36:10.807",pypi/sanyaperminov,pyinstallerr,0.1,pypi
"Feb 10, 2023 @ 17:36:10.067",pypi/nblednovaaa,tensorlfow,0.1,pypi
"Feb 10, 2023 @ 17:36:09.330",pypi/nblednovaaa,tensorfllow,0.1,pypi
"Feb 10, 2023 @ 17:36:08.888",pypi/sanyaperminov,pyinstallre,0.1,pypi
"Feb 10, 2023 @ 17:36:08.226",pypi/sanyaperminov,pyiinstaller,0.1,pypi
"Feb 10, 2023 @ 17:36:07.968",pypi/sanyaperminov,piynstaller,0.1,pypi
"Feb 10, 2023 @ 17:36:07.796",pypi/nblednovaaa,tesnorflow,0.1,pypi
"Feb 10, 2023 @ 17:36:07.193",pypi/sanyaperminov,pyinnstaller,0.1,pypi
"Feb 10, 2023 @ 17:36:07.126",pypi/sanyaperminov,pyintaller,0.1,pypi
"Feb 10, 2023 @ 17:36:06.891",pypi/sanyaperminov,pyinstalelr,0.1,pypi
"Feb 10, 2023 @ 17:36:06.253",pypi/nblednovaaa,teensorflow,0.1,pypi
"Feb 10, 2023 @ 17:36:05.470",pypi/nblednovaaa,tensorfloww,0.1,pypi
"Feb 10, 2023 @ 17:36:05.114",pypi/nblednovaaa,tensofrlow,0.1,pypi
"Feb 10, 2023 @ 17:36:04.788",pypi/nblednovaaa,tenssorflow,0.1,pypi
"Feb 10, 2023 @ 17:36:04.727",pypi/nblednovaaa,tensorflwo,0.1,pypi
"Feb 10, 2023 @ 17:36:04.454",pypi/nblednovaaa,etnsorflow,0.1,pypi
"Feb 10, 2023 @ 17:36:04.068",pypi/nblednovaaa,tensorlow,0.1,pypi
"Feb 10, 2023 @ 17:36:03.836",pypi/nblednovaaa,tensorrflow,0.1,pypi
"Feb 10, 2023 @ 17:36:03.366",pypi/nblednovaaa,tennsorflow,0.1,pypi
"Feb 10, 2023 @ 17:36:01.867",pypi/nblednovaaa,tensorflw,0.1,pypi
"Feb 10, 2023 @ 17:33:10.967",pypi/nigora_1969,sscrapy,0.1,pypi
"Feb 10, 2023 @ 17:33:10.953",pypi/nigora_1969,scarpy,0.1,pypi
"Feb 10, 2023 @ 17:33:09.291",pypi/nigora_1969,srcapy,0.1,pypi
"Feb 10, 2023 @ 17:33:09.168",pypi/nigora_1969,csrapy,0.1,pypi
"Feb 10, 2023 @ 17:33:08.945",pypi/nigora_1969,sccrapy,0.1,pypi
"Feb 10, 2023 @ 17:33:08.325",pypi/sanyaperminov,pyisntaller,0.1,pypi
"Feb 10, 2023 @ 17:33:07.868",pypi/nigora_1969,scrapyy,0.1,pypi
"Feb 10, 2023 @ 17:33:07.785",pypi/nigora_1969,scraapy,0.1,pypi
"Feb 10, 2023 @ 17:33:07.504",pypi/sanyaperminov,ppyinstaller,0.1,pypi
"Feb 10, 2023 @ 17:33:07.107",pypi/sanyaperminov,pyinstallr,0.1,pypi
"Feb 10, 2023 @ 17:33:06.904",pypi/nigora_1969,scrrapy,0.1,pypi
"Feb 10, 2023 @ 17:33:06.144",pypi/nigora_1969,scrpay,0.1,pypi
"Feb 10, 2023 @ 17:33:05.767",pypi/sanyaperminov,pyinstalle,0.1,pypi
"Feb 10, 2023 @ 17:33:05.267",pypi/sanyaperminov,pyinsaller,0.1,pypi
"Feb 10, 2023 @ 17:33:04.749",pypi/sanyaperminov,pyinstalller,0.1,pypi
"Feb 10, 2023 @ 17:33:04.685",pypi/sanyaperminov,pinstaller,0.1,pypi
"Feb 10, 2023 @ 17:33:04.009",pypi/sanyaperminov,pyyinstaller,0.1,pypi
"Feb 10, 2023 @ 17:33:03.782",pypi/sanyaperminov,pyintsaller,0.1,pypi
"Feb 10, 2023 @ 17:33:03.022",pypi/sanyaperminov,pyinstaaller,0.1,pypi
"Feb 10, 2023 @ 17:33:01.963",pypi/sanyaperminov,pyinsttaller,0.1,pypi
"Feb 10, 2023 @ 17:33:01.947",pypi/sanyaperminov,pyinstlaler,0.1,pypi
"Feb 10, 2023 @ 17:30:04.869",pypi/nigora_1969,scray,0.1,pypi
"Feb 10, 2023 @ 14:00:11.924",pypi/bunkerclub2007,matplotlb,0.1,pypi
"Feb 10, 2023 @ 14:00:10.032",pypi/bunkerclub2007,matplotliib,0.1,pypi
"Feb 10, 2023 @ 14:00:09.704",pypi/bunkerclub2007,matplotlibb,0.1,pypi
"Feb 10, 2023 @ 14:00:09.374",pypi/bunkerclub2007,mtaplotlib,0.1,pypi
"Feb 10, 2023 @ 14:00:09.194",pypi/bunkerclub2007,matpllotlib,0.1,pypi
"Feb 10, 2023 @ 14:00:09.003",pypi/bunkerclub2007,mattplotlib,0.1,pypi
"Feb 10, 2023 @ 14:00:08.581",pypi/bunkerclub2007,matpltlib,0.1,pypi
"Feb 10, 2023 @ 14:00:08.352",pypi/bunkerclub2007,mtplotlib,0.1,pypi
"Feb 10, 2023 @ 14:00:08.001",pypi/bunkerclub2007,atplotlib,0.1,pypi
"Feb 10, 2023 @ 14:00:07.794",pypi/bunkerclub2007,matlotlib,0.1,pypi
"Feb 10, 2023 @ 14:00:07.671",pypi/bunkerclub2007,mmatplotlib,0.1,pypi
"Feb 10, 2023 @ 14:00:06.832",pypi/bunkerclub2007,matpplotlib,0.1,pypi
"Feb 10, 2023 @ 14:00:06.811",pypi/bunkerclub2007,matlpotlib,0.1,pypi
"Feb 10, 2023 @ 14:00:06.663",pypi/bunkerclub2007,matpoltlib,0.1,pypi
"Feb 10, 2023 @ 14:00:06.602",pypi/bunkerclub2007,amtplotlib,0.1,pypi
"Feb 10, 2023 @ 14:00:06.173",pypi/bunkerclub2007,matplolib,0.1,pypi
"Feb 10, 2023 @ 14:00:05.961",pypi/bunkerclub2007,matplottlib,0.1,pypi
"Feb 10, 2023 @ 14:00:05.862",pypi/bunkerclub2007,maplotlib,0.1,pypi
"Feb 10, 2023 @ 14:00:05.073",pypi/bunkerclub2007,matplootlib,0.1,pypi
"Feb 10, 2023 @ 14:00:04.621",pypi/bunkerclub2007,maatplotlib,0.1,pypi
"Feb 10, 2023 @ 14:00:03.443",pypi/bunkerclub2007,matpltolib,0.1,pypi
"Feb 10, 2023 @ 14:00:01.703",pypi/bunkerclub2007,matploltib,0.1,pypi
"Feb 10, 2023 @ 12:54:16.652",pypi/vseravnonet,seleinum,0.1,pypi
"Feb 10, 2023 @ 12:54:14.242",pypi/vseravnonet,seelnium,0.1,pypi
"Feb 10, 2023 @ 12:54:13.960",pypi/vseravnonet,sselenium,0.1,pypi
"Feb 10, 2023 @ 12:54:13.939",pypi/vseravnonet,seleenium,0.1,pypi
"Feb 10, 2023 @ 12:54:13.478",pypi/vseravnonet,eslenium,0.1,pypi
"Feb 10, 2023 @ 12:54:13.441",pypi/vseravnonet,seelenium,0.1,pypi
"Feb 10, 2023 @ 12:54:13.382",pypi/vseravnonet,sellenium,0.1,pypi
"Feb 10, 2023 @ 12:54:12.960",pypi/vseravnonet,selenum,0.1,pypi
"Feb 10, 2023 @ 12:54:12.098",pypi/vseravnonet,seleniumm,0.1,pypi
"Feb 10, 2023 @ 12:54:10.039",pypi/vseravnonet,selennium,0.1,pypi
"Feb 10, 2023 @ 12:54:07.140",pypi/vseravnonet,seleium,0.1,pypi
"Feb 10, 2023 @ 12:54:06.500",pypi/vseravnonet,selneium,0.1,pypi
"Feb 10, 2023 @ 12:54:06.127",pypi/vseravnonet,seleniu,0.1,pypi
"Feb 10, 2023 @ 12:54:05.858",pypi/vseravnonet,seleniium,0.1,pypi
"Feb 10, 2023 @ 12:54:04.978",pypi/vseravnonet,seleniuum,0.1,pypi
"Feb 10, 2023 @ 12:54:04.299",pypi/vseravnonet,selnium,0.1,pypi
"Feb 10, 2023 @ 12:54:01.736",pypi/vseravnonet,sleenium,0.1,pypi
"Feb 10, 2023 @ 12:45:10.696",pypi/marinaqzet123,beaautifulsoup4,0.1,pypi
"Feb 10, 2023 @ 12:45:10.658",pypi/marinaqzet123,beautiflusoup4,0.1,pypi
"Feb 10, 2023 @ 12:45:10.137",pypi/marinaqzet123,beauutifulsoup4,0.1,pypi
"Feb 10, 2023 @ 12:45:10.058",pypi/marinaqzet123,beatuifulsoup4,0.1,pypi
"Feb 10, 2023 @ 12:45:09.937",pypi/marinaqzet123,beautifullsoup4,0.1,pypi
"Feb 10, 2023 @ 12:45:09.897",pypi/marinaqzet123,beautifulssoup4,0.1,pypi
"Feb 10, 2023 @ 12:45:09.811",pypi/marinaqzet123,beautifulsoup44,0.1,pypi
"Feb 10, 2023 @ 12:45:09.458",pypi/marinaqzet123,beautifulosup4,0.1,pypi
"Feb 10, 2023 @ 12:45:08.930",pypi/marinaqzet123,beautiflsoup4,0.1,pypi
"Feb 10, 2023 @ 12:45:08.838",pypi/marinaqzet123,bautifulsoup4,0.1,pypi
"Feb 10, 2023 @ 12:45:08.734",pypi/marinaqzet123,ebautifulsoup4,0.1,pypi
"Feb 10, 2023 @ 12:45:08.697",pypi/marinaqzet123,beautifusloup4,0.1,pypi
"Feb 10, 2023 @ 12:45:08.657",pypi/marinaqzet123,beautifulsooup4,0.1,pypi
"Feb 10, 2023 @ 12:45:08.177",pypi/marinaqzet123,beeautifulsoup4,0.1,pypi
"Feb 10, 2023 @ 12:45:08.017",pypi/marinaqzet123,beautiifulsoup4,0.1,pypi
"Feb 10, 2023 @ 12:45:07.819",pypi/marinaqzet123,beautifulsuop4,0.1,pypi
"Feb 10, 2023 @ 12:45:07.596",pypi/marinaqzet123,beuatifulsoup4,0.1,pypi
"Feb 10, 2023 @ 12:45:07.159",pypi/marinaqzet123,beautifulsop4,0.1,pypi
"Feb 10, 2023 @ 12:45:06.756",pypi/marinaqzet123,beautifulsoupp4,0.1,pypi
"Feb 10, 2023 @ 12:45:06.597",pypi/marinaqzet123,beautifulsouup4,0.1,pypi
"Feb 10, 2023 @ 12:45:05.957",pypi/marinaqzet123,beautifuloup4,0.1,pypi
"Feb 10, 2023 @ 12:45:05.837",pypi/marinaqzet123,beautifuulsoup4,0.1,pypi
"Feb 10, 2023 @ 12:45:05.637",pypi/marinaqzet123,beautifulsou4,0.1,pypi
"Feb 10, 2023 @ 12:45:05.499",pypi/marinaqzet123,beauttifulsoup4,0.1,pypi
"Feb 10, 2023 @ 12:45:05.356",pypi/marinaqzet123,beautiulsoup4,0.1,pypi
"Feb 10, 2023 @ 12:45:04.515",pypi/marinaqzet123,beutifulsoup4,0.1,pypi
"Feb 10, 2023 @ 12:45:02.179",pypi/marinaqzet123,beautiffulsoup4,0.1,pypi
"Feb 10, 2023 @ 12:42:13.180",pypi/altezzaz871,coloramma,0.1,pypi
"Feb 10, 2023 @ 12:42:12.395",pypi/altezzaz871,olorama,0.1,pypi
"Feb 10, 2023 @ 12:42:07.554",pypi/altezzaz871,coloraa,0.1,pypi
"Feb 10, 2023 @ 12:42:05.938",pypi/altezzaz871,colorrama,0.1,pypi
"Feb 10, 2023 @ 12:42:05.399",pypi/altezzaz871,coloorama,0.1,pypi
"Feb 10, 2023 @ 12:39:08.906",pypi/altezzaz871,erquests,0.1,pypi
"Feb 10, 2023 @ 12:39:08.199",pypi/altezzaz871,coloramaa,0.1,pypi
"Feb 10, 2023 @ 12:39:06.647",pypi/altezzaz871,coloarma,0.1,pypi
"Feb 10, 2023 @ 12:39:06.554",pypi/altezzaz871,collorama,0.1,pypi
"Feb 10, 2023 @ 12:39:06.118",pypi/altezzaz871,clorama,0.1,pypi
"Feb 10, 2023 @ 12:39:05.755",pypi/altezzaz871,ccolorama,0.1,pypi
"Feb 10, 2023 @ 12:39:05.195",pypi/altezzaz871,coloama,0.1,pypi
"Feb 10, 2023 @ 12:39:03.855",pypi/altezzaz871,coolrama,0.1,pypi
"Feb 10, 2023 @ 12:39:03.734",pypi/altezzaz871,coorama,0.1,pypi
"Feb 10, 2023 @ 12:39:02.398",pypi/altezzaz871,oclorama,0.1,pypi
"Feb 9, 2023 @ 19:18:12.242",pypi/axibekbek,websocckets,0.1,pypi
"Feb 9, 2023 @ 19:18:10.312",pypi/axibekbek,ebsockets,0.1,pypi
"Feb 9, 2023 @ 19:18:10.222",pypi/axibekbek,wwebsockets,0.1,pypi
"Feb 9, 2023 @ 19:18:09.803",pypi/axibekbek,webssockets,0.1,pypi
"Feb 9, 2023 @ 19:18:09.505",pypi/axibekbek,websockest,0.1,pypi
"Feb 9, 2023 @ 19:18:09.500",pypi/axibekbek,webosckets,0.1,pypi
"Feb 9, 2023 @ 19:18:07.753",pypi/axibekbek,webscokets,0.1,pypi
"Feb 9, 2023 @ 19:18:05.478",pypi/axibekbek,websockeets,0.1,pypi
"Feb 9, 2023 @ 19:18:04.659",pypi/axibekbek,wesbockets,0.1,pypi
"Feb 9, 2023 @ 19:18:03.001",pypi/axibekbek,websockts,0.1,pypi
"Feb 9, 2023 @ 19:15:15.258",pypi/axibekbek,websckets,0.1,pypi
"Feb 9, 2023 @ 19:15:14.520",pypi/axibekbek,websocketts,0.1,pypi
"Feb 9, 2023 @ 19:15:13.505",pypi/axibekbek,websockes,0.1,pypi
"Feb 9, 2023 @ 19:15:12.962",pypi/axibekbek,websocets,0.1,pypi
"Feb 9, 2023 @ 19:15:12.937",pypi/axibekbek,webockets,0.1,pypi
"Feb 9, 2023 @ 19:15:12.691",pypi/axibekbek,weebsockets,0.1,pypi
"Feb 9, 2023 @ 19:15:10.171",pypi/axibekbek,webbsockets,0.1,pypi
"Feb 9, 2023 @ 19:15:09.804",pypi/axibekbek,wesockets,0.1,pypi
"Feb 9, 2023 @ 19:15:09.552",pypi/axibekbek,websocketss,0.1,pypi
"Feb 9, 2023 @ 19:15:09.005",pypi/axibekbek,websokcets,0.1,pypi
"Feb 9, 2023 @ 19:15:08.971",pypi/axibekbek,websockkets,0.1,pypi
"Feb 9, 2023 @ 19:15:05.771",pypi/axibekbek,websokets,0.1,pypi
"Feb 9, 2023 @ 19:15:05.325",pypi/axibekbek,wbesockets,0.1,pypi
"Feb 9, 2023 @ 19:15:03.074",pypi/axibekbek,websoockets,0.1,pypi
"Feb 9, 2023 @ 19:15:02.054",pypi/axibekbek,websocktes,0.1,pypi
"Feb 9, 2023 @ 19:09:14.572",pypi/bratka.2013,yfiance,0.1,pypi
"Feb 9, 2023 @ 19:09:13.760",pypi/bratka.2013,yyfinance,0.1,pypi
"Feb 9, 2023 @ 19:09:12.472",pypi/bratka.2013,yfinaance,0.1,pypi
"Feb 9, 2023 @ 19:09:12.449",pypi/bratka.2013,yfiannce,0.1,pypi
"Feb 9, 2023 @ 19:09:11.950",pypi/bratka.2013,yfinnance,0.1,pypi
"Feb 9, 2023 @ 19:09:11.741",pypi/bratka.2013,yfiinance,0.1,pypi
"Feb 9, 2023 @ 19:09:11.399",pypi/bratka.2013,yfniance,0.1,pypi
"Feb 9, 2023 @ 19:09:11.292",pypi/bratka.2013,yfinanec,0.1,pypi
"Feb 9, 2023 @ 19:09:11.061",pypi/bratka.2013,yffinance,0.1,pypi
"Feb 9, 2023 @ 19:09:10.927",pypi/bratka.2013,yfinancce,0.1,pypi
"Feb 9, 2023 @ 19:09:10.389",pypi/bratka.2013,yfinnce,0.1,pypi
"Feb 9, 2023 @ 19:09:09.787",pypi/bratka.2013,yfinnace,0.1,pypi
"Feb 9, 2023 @ 19:09:09.366",pypi/bratka.2013,yfinannce,0.1,pypi
"Feb 9, 2023 @ 19:09:09.129",pypi/bratka.2013,yfinancee,0.1,pypi
"Feb 9, 2023 @ 19:09:08.387",pypi/bratka.2013,yfinacne,0.1,pypi
"Feb 9, 2023 @ 19:09:06.842",pypi/bratka.2013,fyinance,0.1,pypi
"Feb 9, 2023 @ 19:09:06.807",pypi/bratka.2013,yfinace,0.1,pypi
"Feb 9, 2023 @ 19:09:05.689",pypi/bratka.2013,yfinane,0.1,pypi
"Feb 9, 2023 @ 19:09:05.339",pypi/bratka.2013,yfnance,0.1,pypi
"Feb 9, 2023 @ 19:03:07.276",pypi/rita290859,oslana,0.1,pypi
"Feb 9, 2023 @ 19:03:06.727",pypi/rita290859,slana,0.1,pypi
"Feb 9, 2023 @ 19:03:05.468",pypi/rita290859,soana,0.1,pypi
"Feb 9, 2023 @ 19:03:04.789",pypi/rita290859,soalna,0.1,pypi
"Feb 9, 2023 @ 19:03:04.030",pypi/rita290859,solna,0.1,pypi
"Feb 9, 2023 @ 19:03:03.479",pypi/rita290859,solanna,0.1,pypi
"Feb 9, 2023 @ 19:03:02.927",pypi/rita290859,solaan,0.1,pypi
"Feb 9, 2023 @ 19:03:02.198",pypi/rita290859,solaa,0.1,pypi
"Feb 9, 2023 @ 19:00:13.597",pypi/zolotaya.sofiya,vpyer,0.1,pypi
"Feb 9, 2023 @ 19:00:13.147",pypi/zolotaya.sofiya,yvper,0.1,pypi
"Feb 9, 2023 @ 19:00:12.814",pypi/zolotaya.sofiya,vyyper,0.1,pypi
"Feb 9, 2023 @ 19:00:12.550",pypi/zolotaya.sofiya,vyperr,0.1,pypi
"Feb 9, 2023 @ 19:00:12.529",pypi/rita290859,ssolana,0.1,pypi
"Feb 9, 2023 @ 19:00:12.200",pypi/zolotaya.sofiya,vyepr,0.1,pypi
"Feb 9, 2023 @ 19:00:12.194",pypi/zolotaya.sofiya,vypper,0.1,pypi
"Feb 9, 2023 @ 19:00:11.812",pypi/zolotaya.sofiya,vper,0.1,pypi
"Feb 9, 2023 @ 19:00:10.481",pypi/rita290859,olana,0.1,pypi
"Feb 9, 2023 @ 19:00:09.492",pypi/rita290859,sollana,0.1,pypi
"Feb 9, 2023 @ 19:00:08.752",pypi/rita290859,soolana,0.1,pypi
"Feb 9, 2023 @ 19:00:08.731",pypi/rita290859,solanaa,0.1,pypi
"Feb 9, 2023 @ 19:00:06.091",pypi/rita290859,solaana,0.1,pypi
"Feb 9, 2023 @ 19:00:04.872",pypi/rita290859,solnaa,0.1,pypi
"Feb 9, 2023 @ 19:00:01.910",pypi/rita290859,sloana,0.1,pypi
"Feb 9, 2023 @ 18:57:15.810",pypi/lcalrik5959,itcoinlib,0.1,pypi
"Feb 9, 2023 @ 18:57:15.598",pypi/lcalrik5959,bticoinlib,0.1,pypi
"Feb 9, 2023 @ 18:57:15.431",pypi/lcalrik5959,bitcoilnib,0.1,pypi
"Feb 9, 2023 @ 18:57:15.327",pypi/lcalrik5959,bitcoinnlib,0.1,pypi
"Feb 9, 2023 @ 18:57:15.152",pypi/lcalrik5959,bitocinlib,0.1,pypi
"Feb 9, 2023 @ 18:57:14.430",pypi/lcalrik5959,bitcinlib,0.1,pypi
"Feb 9, 2023 @ 18:57:13.390",pypi/lcalrik5959,bitcooinlib,0.1,pypi
"Feb 9, 2023 @ 18:57:13.016",pypi/lcalrik5959,bitconlib,0.1,pypi
"Feb 9, 2023 @ 18:57:12.812",pypi/zolotaya.sofiya,vypre,0.1,pypi
"Feb 9, 2023 @ 18:57:12.611",pypi/zolotaya.sofiya,vypeer,0.1,pypi
"Feb 9, 2023 @ 18:57:09.670",pypi/zolotaya.sofiya,yper,0.1,pypi
"Feb 9, 2023 @ 18:57:05.887",pypi/zolotaya.sofiya,vype,0.1,pypi
"Feb 9, 2023 @ 18:57:04.526",pypi/zolotaya.sofiya,vyer,0.1,pypi
"Feb 9, 2023 @ 18:57:01.707",pypi/zolotaya.sofiya,vvyper,0.1,pypi
"Feb 9, 2023 @ 18:54:14.217",pypi/lcalrik5959,bictoinlib,0.1,pypi
"Feb 9, 2023 @ 18:54:13.498",pypi/lcalrik5959,bitcoinlbi,0.1,pypi
"Feb 9, 2023 @ 18:54:13.229",pypi/lcalrik5959,bicoinlib,0.1,pypi
"Feb 9, 2023 @ 18:54:12.397",pypi/lcalrik5959,bitcoilib,0.1,pypi
"Feb 9, 2023 @ 18:54:12.272",pypi/lcalrik5959,bitcionlib,0.1,pypi
"Feb 9, 2023 @ 18:54:11.512",pypi/lcalrik5959,bitoinlib,0.1,pypi
"Feb 9, 2023 @ 18:54:10.547",pypi/lcalrik5959,btcoinlib,0.1,pypi
"Feb 9, 2023 @ 18:54:09.868",pypi/lcalrik5959,bbitcoinlib,0.1,pypi
"Feb 9, 2023 @ 18:54:09.712",pypi/lcalrik5959,biitcoinlib,0.1,pypi
"Feb 9, 2023 @ 18:54:09.269",pypi/lcalrik5959,bitcoiinlib,0.1,pypi
"Feb 9, 2023 @ 18:54:08.871",pypi/lcalrik5959,bittcoinlib,0.1,pypi
"Feb 9, 2023 @ 18:54:08.770",pypi/lcalrik5959,bitcoinliib,0.1,pypi
"Feb 9, 2023 @ 18:54:04.373",pypi/lcalrik5959,bitcoinlb,0.1,pypi
"Feb 9, 2023 @ 18:54:04.367",pypi/lcalrik5959,bitcoinli,0.1,pypi
"Feb 9, 2023 @ 18:54:03.132",pypi/lcalrik5959,bitccoinlib,0.1,pypi
"Feb 9, 2023 @ 18:54:03.128",pypi/lcalrik5959,bitcoinlibb,0.1,pypi
"Feb 9, 2023 @ 18:54:01.768",pypi/lcalrik5959,ibtcoinlib,0.1,pypi
"Feb 9, 2023 @ 18:54:01.733",pypi/lcalrik5959,bitconilib,0.1,pypi
"Feb 9, 2023 @ 18:51:16.209",pypi/pinigin.9494,crryptocompare,0.1,pypi
"Feb 9, 2023 @ 18:51:16.165",pypi/pinigin.9494,cryptocompae,0.1,pypi
"Feb 9, 2023 @ 18:51:15.206",pypi/pinigin.9494,cryptocompar,0.1,pypi
"Feb 9, 2023 @ 18:51:14.796",pypi/pinigin.9494,crptocompare,0.1,pypi
"Feb 9, 2023 @ 18:51:14.644",pypi/pinigin.9494,cryptocomppare,0.1,pypi
"Feb 9, 2023 @ 18:51:14.608",pypi/pinigin.9494,cyrptocompare,0.1,pypi
"Feb 9, 2023 @ 18:51:14.485",pypi/pinigin.9494,cryptocompre,0.1,pypi
"Feb 9, 2023 @ 18:51:14.187",pypi/pinigin.9494,cyptocompare,0.1,pypi
"Feb 9, 2023 @ 18:51:14.175",pypi/pinigin.9494,cryptocomprae,0.1,pypi
"Feb 9, 2023 @ 18:51:13.792",pypi/pinigin.9494,cryptcompare,0.1,pypi
"Feb 9, 2023 @ 18:51:13.724",pypi/pinigin.9494,crytpocompare,0.1,pypi
"Feb 9, 2023 @ 18:51:13.609",pypi/pinigin.9494,crypocompare,0.1,pypi
"Feb 9, 2023 @ 18:51:13.472",pypi/pinigin.9494,cryptocommpare,0.1,pypi
"Feb 9, 2023 @ 18:51:13.316",pypi/pinigin.9494,cryptocomparre,0.1,pypi
"Feb 9, 2023 @ 18:51:13.150",pypi/pinigin.9494,rcyptocompare,0.1,pypi
"Feb 9, 2023 @ 18:51:13.042",pypi/pinigin.9494,crypotcompare,0.1,pypi
"Feb 9, 2023 @ 18:51:13.027",pypi/pinigin.9494,cryptocomparee,0.1,pypi
"Feb 9, 2023 @ 18:51:12.864",pypi/pinigin.9494,cryptocomapre,0.1,pypi
"Feb 9, 2023 @ 18:51:12.318",pypi/pinigin.9494,cryptcoompare,0.1,pypi
"Feb 9, 2023 @ 18:51:12.169",pypi/pinigin.9494,ryptocompare,0.1,pypi
"Feb 9, 2023 @ 18:51:12.144",pypi/pinigin.9494,cryptocopare,0.1,pypi
"Feb 9, 2023 @ 18:51:11.885",pypi/pinigin.9494,cryptocmpare,0.1,pypi
"Feb 9, 2023 @ 18:51:11.870",pypi/pinigin.9494,crypptocompare,0.1,pypi
"Feb 9, 2023 @ 18:51:11.311",pypi/pinigin.9494,cryptocomare,0.1,pypi
"Feb 9, 2023 @ 18:51:10.445",pypi/pinigin.9494,cryptoocmpare,0.1,pypi
"Feb 9, 2023 @ 18:51:10.370",pypi/pinigin.9494,crpytocompare,0.1,pypi
"Feb 9, 2023 @ 18:51:09.651",pypi/pinigin.9494,cryptocompaer,0.1,pypi
"Feb 9, 2023 @ 18:51:09.482",pypi/pinigin.9494,cryptocopmare,0.1,pypi
"Feb 9, 2023 @ 18:51:08.864",pypi/pinigin.9494,cryptocoompare,0.1,pypi
"Feb 9, 2023 @ 18:51:08.672",pypi/pinigin.9494,cryptocompaare,0.1,pypi
"Feb 9, 2023 @ 18:51:08.372",pypi/pinigin.9494,crypttocompare,0.1,pypi
"Feb 9, 2023 @ 18:51:08.046",pypi/pinigin.9494,cryyptocompare,0.1,pypi
"Feb 9, 2023 @ 18:51:06.784",pypi/pinigin.9494,cryptoompare,0.1,pypi
"Feb 9, 2023 @ 18:51:06.546",pypi/pinigin.9494,cryptoocompare,0.1,pypi
"Feb 9, 2023 @ 18:51:05.229",pypi/pinigin.9494,ccryptocompare,0.1,pypi
"Feb 9, 2023 @ 18:51:03.608",pypi/pinigin.9494,cryptoccompare,0.1,pypi
"Feb 9, 2023 @ 18:51:03.142",pypi/pinigin.9494,cryptocmopare,0.1,pypi
"Feb 9, 2023 @ 18:51:01.727",pypi/pinigin.9494,crytocompare,0.1,pypi
"Feb 9, 2023 @ 18:48:15.214",pypi/makova1994,ryptofeed,0.1,pypi
"Feb 9, 2023 @ 18:48:14.990",pypi/makova1994,cyptofeed,0.1,pypi
"Feb 9, 2023 @ 18:48:14.371",pypi/makova1994,cryptoffeed,0.1,pypi
"Feb 9, 2023 @ 18:48:13.155",pypi/makova1994,cryptofede,0.1,pypi
"Feb 9, 2023 @ 18:48:12.454",pypi/makova1994,cryptofed,0.1,pypi
"Feb 9, 2023 @ 18:48:11.512",pypi/makova1994,cryptoofeed,0.1,pypi
"Feb 9, 2023 @ 18:48:11.313",pypi/makova1994,crryptofeed,0.1,pypi
"Feb 9, 2023 @ 18:48:10.755",pypi/makova1994,crytofeed,0.1,pypi
"Feb 9, 2023 @ 18:48:10.014",pypi/makova1994,cyrptofeed,0.1,pypi
"Feb 9, 2023 @ 18:48:08.694",pypi/makova1994,ccryptofeed,0.1,pypi
"Feb 9, 2023 @ 18:48:08.132",pypi/makova1994,cryptfoeed,0.1,pypi
"Feb 9, 2023 @ 18:48:05.064",pypi/makova1994,crytpofeed,0.1,pypi
"Feb 9, 2023 @ 18:48:04.343",pypi/makova1994,cryptofeeed,0.1,pypi
"Feb 9, 2023 @ 18:48:03.600",pypi/makova1994,crypofeed,0.1,pypi
"Feb 9, 2023 @ 18:45:17.908",pypi/makova1994,crypotfeed,0.1,pypi
"Feb 9, 2023 @ 18:45:15.588",pypi/makova1994,cryptoefed,0.1,pypi
"Feb 9, 2023 @ 18:45:14.641",pypi/makova1994,cryptofee,0.1,pypi
"Feb 9, 2023 @ 18:45:13.300",pypi/makova1994,cryptoeed,0.1,pypi
"Feb 9, 2023 @ 18:45:13.108",pypi/makova1994,cryptfeed,0.1,pypi
"Feb 9, 2023 @ 18:45:12.388",pypi/makova1994,cryptofeedd,0.1,pypi
"Feb 9, 2023 @ 18:45:11.006",pypi/makova1994,crypptofeed,0.1,pypi
"Feb 9, 2023 @ 18:45:07.787",pypi/makova1994,crpytofeed,0.1,pypi
"Feb 9, 2023 @ 18:45:07.145",pypi/makova1994,crypttofeed,0.1,pypi
"Feb 9, 2023 @ 18:45:05.508",pypi/makova1994,cryyptofeed,0.1,pypi
"Feb 9, 2023 @ 18:45:03.906",pypi/makova1994,rcyptofeed,0.1,pypi
"Feb 9, 2023 @ 18:45:01.869",pypi/makova1994,crptofeed,0.1,pypi
"Feb 9, 2023 @ 18:42:15.506",pypi/klenin281,freqtraed,0.1,pypi
"Feb 9, 2023 @ 18:42:15.079",pypi/klenin281,ffreqtrade,0.1,pypi
"Feb 9, 2023 @ 18:42:13.652",pypi/klenin281,rfeqtrade,0.1,pypi
"Feb 9, 2023 @ 18:42:13.157",pypi/klenin281,freqtarde,0.1,pypi
"Feb 9, 2023 @ 18:42:13.116",pypi/klenin281,freqtrdae,0.1,pypi
"Feb 9, 2023 @ 18:42:12.472",pypi/klenin281,frqetrade,0.1,pypi
"Feb 9, 2023 @ 18:42:12.216",pypi/klenin281,freqqtrade,0.1,pypi
"Feb 9, 2023 @ 18:42:11.637",pypi/klenin281,freqtrde,0.1,pypi
"Feb 9, 2023 @ 18:42:10.193",pypi/klenin281,freqtrad,0.1,pypi
"Feb 9, 2023 @ 18:42:09.996",pypi/klenin281,freqrade,0.1,pypi
"Feb 9, 2023 @ 18:42:09.951",pypi/klenin281,freqtradee,0.1,pypi
"Feb 9, 2023 @ 18:42:09.730",pypi/klenin281,freqtrae,0.1,pypi
"Feb 9, 2023 @ 18:42:08.968",pypi/klenin281,freqttrade,0.1,pypi
"Feb 9, 2023 @ 18:42:08.889",pypi/klenin281,frqtrade,0.1,pypi
"Feb 9, 2023 @ 18:42:08.418",pypi/klenin281,freqtrrade,0.1,pypi
"Feb 9, 2023 @ 18:42:08.309",pypi/klenin281,fretqrade,0.1,pypi
"Feb 9, 2023 @ 18:42:08.090",pypi/klenin281,freqtradde,0.1,pypi
"Feb 9, 2023 @ 18:42:07.712",pypi/klenin281,fretrade,0.1,pypi
"Feb 9, 2023 @ 18:42:06.810",pypi/klenin281,freqrtade,0.1,pypi
"Feb 9, 2023 @ 18:42:06.511",pypi/klenin281,feqtrade,0.1,pypi
"Feb 9, 2023 @ 18:42:05.311",pypi/klenin281,freeqtrade,0.1,pypi
"Feb 9, 2023 @ 18:42:04.491",pypi/klenin281,freqtraade,0.1,pypi
"Feb 9, 2023 @ 18:42:03.671",pypi/klenin281,frreqtrade,0.1,pypi
"Feb 9, 2023 @ 18:39:09.232",pypi/klenin281,reqtrade,0.1,pypi
"Feb 9, 2023 @ 18:39:08.526",pypi/klenin281,ferqtrade,0.1,pypi
"Feb 9, 2023 @ 18:39:07.030",pypi/ecnldear07,cxct,0.1,pypi
"Feb 9, 2023 @ 18:39:01.686",pypi/klenin281,freqtade,0.1,pypi
"Feb 9, 2023 @ 18:24:14.221",pypi/ecnldear07,cxt,0.1,pypi
"Feb 9, 2023 @ 18:24:12.581",pypi/ecnldear07,ccx,0.1,pypi
"Feb 9, 2023 @ 18:21:15.562",pypi/ecnldear07,cccxt,0.1,pypi
"Feb 9, 2023 @ 18:21:14.902",pypi/ecnldear07,ccxtt,0.1,pypi
"Feb 9, 2023 @ 18:21:12.025",pypi/ecnldear07,ccxxt,0.1,pypi
